--configurations for sqlite3

PRAGMA FOREIGN_KEYs = ON;
.headers ON
.mode column

--drop tables

DROP TABLE IF EXISTS enrollment;
DROP TABLE IF EXISTS attendance;
DROP TABLE IF EXISTS occurrence;
DROP TABLE IF EXISTS student;
DROP TABLE IF EXISTS professor;
DROP TABLE IF EXISTS class;
DROP TABLE IF EXISTS course;
DROP TABLE IF EXISTS degree;
DROP TABLE IF EXISTS degree_type;
DROP TABLE IF EXISTS classroom;
DROP TABLE IF EXISTS janitor;
DROP TABLE IF EXISTS covid;
DROP TABLE IF EXISTS faculty;
DROP TABLE IF EXISTS person;

--CREATE TABLEs

CREATE TABLE person (
    id INTEGER PRIMARY KEY,   
    name TEXT NOT NULL,       --tag:
                              --1 = green (no contact with known sick people)       
    address TEXT,             --2 = yellow (indirect contact with a sick person)
    phone_number INTEGER     --3 = red (direct contact with a sick)
);

CREATE TABLE student (
    id INTEGER PRIMARY KEY REFERENCES person,
    degree INTEGER REFERENCES degree
);

CREATE TABLE professor (
    id INTEGER PRIMARY KEY REFERENCES person,
    faculty VARCHAR REFERENCES faculty,
    email VARCHAR,
    classification TEXT
);

CREATE TABLE janitor (
    id INTEGER PRIMARY KEY REFERENCES person,
    email VARCHAR,
    faculty VARChar REFERENCES faculty
);

CREATE TABLE faculty (
    acronym VARCHAR PRIMARY KEY,
    name TEXT NOT NULL UNIQUE,
    address VARCHAR NOT NULL
);

CREATE TABLE classroom (
    code VARCHAR PRIMARY KEY, --e.g. "GA1", "101"...
    description TEXT, --e.g. "Auditório Geral 1" (opcional)
    faculty VARCHAR REFERENCES faculty,
    janitor INTEGER REFERENCES person
);

CREATE TABLE degree_type (
    code VARCHAR PRIMARY KEY, --e.g. '1'=1º ciclo, '2'=2º ciclo...
    name TEXT NOT NULL --e.g. licenciatura
);

CREATE TABLE degree (
    acronym VARCHAR PRIMARY KEY NOT NULL, --e.g. MIEEC
    name TEXT NOT NULL,                   --e.g. Mestrado Integrado em Engenharia Eletrotécnica e de Computadores
    faculty REFERENCES faculty,
    degree_type VARCHAR REFERENCES degree_type        
);

CREATE TABLE course (
    acronym VARCHAR PRIMARY KEY,                --e.g. SIBD
    name VARCHAR NOT NULL,                         --e.g. Sistemas de Informação e Bases de Dados
    degree VARCHAR NOT NULL REFERENCES degree
);

CREATE TABLE class (
    course VARCHAR,   --e.g. SIBD
    number VARCHAR, --e.g. 03
    max_students INTEGER,   --30
    PRIMARY KEY (course, number),
    CONSTRAINT course_fk FOREIGN KEY (course) REFERENCES course(acronym)
);

CREATE TABLE enrollment (
    id INTEGER PRIMARY KEY autoincrement,
    person_id INTEGER NOT NULL,
    course VARCHAR NOT NULL,
    class VARCHAR,
    date DATETIME NOT NULL,
    CONSTRAINT person_id_fk FOREIGN KEY (person_id) REFERENCES person(id),
    CONSTRAINT course_class_fk FOREIGN KEY (course,class) REFERENCES class(course,number)
);

CREATE TABLE occurrence (   --every time a class happens
    course VARCHAR class,
    class_number VARCHAR class,
    id INTEGER NOT NULL,
    classroom VARCHAR NOT NULL REFERENCES classroom,
    start_time DATETIME NOT NULL,
    end_time DATETIME NOT NULL,
    professor INTEGER REFERENCES person(id),
    PRIMARY KEY (course,class_number,id),
    FOREIGN KEY (course,class_number) REFERENCES class(course,number),
    CONSTRAINT start_time_less_than_end_time CHECK (start_time < end_time),
    CONSTRAINT start_time_within_semester CHECK (start_time between '2020-09-28 00:00:00' AND '2020-12-18 23:59:59'),
    CONSTRAINT end_time_within_semester CHECK (end_time between '2020-09-28 00:00:00' AND '2020-12-18 23:59:59')
);

CREATE TABLE attendance (
    id INTEGER PRIMARY KEY autoincrement,
    person_id INTEGER REFERENCES person,
    swipe DATETIME ,
    classroom VARCHAR NOT NULL REFERENCES classroom
);

CREATE TABLE covid (
    id INTEGER PRIMARY KEY autoincrement,
    person_id INTEGER REFERENCES person,
    result TEXT, 
    date DATETIME,
    CONSTRAINT test_result_valid CHECK (covid.result = 'positive' OR 'negative')
);
--INSERTS

--faculties:
INSERT INTO faculty (acronym,name,address)
VALUES ('FEUP',
        'Faculdade de Engenharia',
        'R. Dr. Roberto Frias s/n, 4200-465 Porto, Portugal');

INSERT INTO faculty (acronym,name,address)
VALUES ('FLUP',
        'Faculdade de Letras',
        'Via Panorâmica Edgar Cardoso s/n, 4150-564 Porto, Portugal');

INSERT INTO faculty (acronym,name,address)
VALUES ('FDUP',
        'Faculdade de Direito',
        'Rua dos Bragas 223, 4050-123 Porto, Portugal');

INSERT INTO faculty (acronym,name,address)
VALUES ('FEP',
        'Faculdade de Economia',
        'R. Dr. Roberto Frias 464, 4200-465 Porto, Portugal');


INSERT INTO faculty (acronym,name,address)
VALUES ('FBAUP',
        'Faculdade de Belas Artes',
        'Av. de Rodrigues de Freitas 265, 4049–021 Porto, Portugal');

--degree types:
INSERT INTO degree_type (code,name)
VALUES (1,
'Licenciatura');

INSERT INTO degree_type (code,name)
VALUES (2,
'Mestrado Integrado');

INSERT INTO degree_type (code,name)
VALUES (3,
'Mestrado');

INSERT INTO degree_type (code,name)
VALUES (4,
'Doutoramento');
--Degrees
--FEUP:
--1
INSERT INTO degree VALUES ('CINF', 'Licenciatura em Ciência da Informação', 'FEUP', 1);
INSERT INTO degree VALUES ('LCEEMG', 'Licenciatura em Ciências de Engenharia - Engenharia de Minas e Geo-Ambiente', 'FEUP', 1);
INSERT INTO degree VALUES ('CC', 'Licenciatura em Ciências da Comunicação: Jornalismo, Assessoria, Multimédia', 'FEUP', 1);
--2
INSERT INTO degree VALUES ('MIB', 'Mestrado Integrado em Bioengenharia', 'FEUP', 2);
INSERT INTO degree VALUES ('MIEA', 'Mestrado Integrado em Engenharia do Ambiente', 'FEUP', 2);
INSERT INTO degree VALUES ('MIEGI', 'Mestrado Integrado em Engenharia e Gestão Industrial', 'FEUP', 2);
INSERT INTO degree VALUES ('MIEEC', 'Mestrado Integrado em Engenharia Eletrotécnica e de Computadores', 'FEUP',2);
INSERT INTO degree VALUES ('MI:EF', 'Mestrado Integrado em Engenharia Física', 'FEUP',2);
INSERT INTO degree VALUES ('MIEIC', 'Mestrado Integrado em Engenharia Informática e Computação', 'FEUP',2);
INSERT INTO degree VALUES ('MIEC', 'Mestrado Integrado em Engenharia Civil', 'FEUP', 2);
INSERT INTO degree VALUES ('MIEM', 'Mestrado Integrado em Engenharia Mecânica', 'FEUP', 2);
INSERT INTO degree VALUES ('MIEMM', 'Mestrado Integrado em Engenharia Metalúrgica e de Materiais', 'FEUP', 2);
INSERT INTO degree VALUES ('MIEQ', 'Mestrado Integrado em Engenharia Química', 'FEUP', 2);

--3
INSERT INTO degree VALUES ('MDIP','Design Industrial e de Produto','FEUP',3);
INSERT INTO degree VALUES ('M:ARS','Mestrado em Avaliação e Remediação de Solos ','FEUP',3);
INSERT INTO degree VALUES ('MCI','Mestrado em Ciência da Informação','FEUP',3);
INSERT INTO degree VALUES ('MECC','Mestrado em Ciências da Comunicação','FEUP',3);
INSERT INTO degree VALUES ('MEB','Mestrado em Engenharia Biomédica','FEUP',3);
INSERT INTO degree VALUES ('MEMG','Mestrado em Engenharia de Minas e Geo-Ambiente','FEUP',3);
INSERT INTO degree VALUES ('MESHO','Mestrado em Engenharia de Segurança e Higiene Ocupacionais ','FEUP',3);
INSERT INTO degree VALUES ('MESG','Mestrado em Engenharia de Serviços e Gestão','FEUP',3);
INSERT INTO degree VALUES ('MESW','Mestrado em Engenharia de Software ','FEUP',3);
INSERT INTO degree VALUES ('MECD','Mestrado em Engenharia e Ciência de Dados ','FEUP',3);
INSERT INTO degree VALUES ('MESTEC','Mestrado em Estruturas de Engenharia Civil','FEUP',3);
INSERT INTO degree VALUES ('MGMU','Mestrado em Gestão da Mobilidade Urbana','FEUP',3);
INSERT INTO degree VALUES ('MIET','Mestrado em Inovação e Empreendedorismo Tecnológico ','FEUP',3);
INSERT INTO degree VALUES ('MMC','Mestrado em Mecânica Computacional','FEUP',3);
INSERT INTO degree VALUES ('MMSEGEO','Mestrado em Mecânica dos Solos e Engenharia Geotécnica ','FEUP',3);
INSERT INTO degree VALUES ('MM','Mestrado em Multimédia ','FEUP',3);
INSERT INTO degree VALUES ('MPPU','Mestrado em Planeamento e Projecto Urbano ','FEUP',3);
INSERT INTO degree VALUES ('MPRINCE','Mestrado em Projeto Integrado na Construção de Edifícios ','FEUP',3);
INSERT INTO degree VALUES ('MVCOMP','Mestrado em Visão por Computador ','FEUP',3);
--4
INSERT INTO degree VALUES ('PDMAPI','Doutoramento em Informática','FEUP',3);
INSERT INTO degree VALUES ('PDMATAPL','Doutoramento em Matemática Aplicada','FEUP',3);
INSERT INTO degree VALUES ('PDQUI','Doutoramento em Química','FEUP',3);
INSERT INTO degree VALUES ('PRODEB','Programa Doutoral em Engenharia Biomédica','FEUP',3);
INSERT INTO degree VALUES ('PRODEC','Programa Doutoral em Engenharia Civil','FEUP',3);
INSERT INTO degree VALUES ('PDEMGR','Programa Doutoral em Engenharia de Minas e Geo-Recursos','FEUP',3);
INSERT INTO degree VALUES ('PDEA','Programa Doutoral em Engenharia do Ambiente','FEUP',3);
INSERT INTO degree VALUES ('PRODEGI','Programa Doutoral em Engenharia e Gestão Industrial','FEUP',3);
INSERT INTO degree VALUES ('PDEPP','Programa Doutoral em Engenharia e Políticas Públicas Web','FEUP',3);
INSERT INTO degree VALUES ('PDEEC','Programa Doutoral em Engenharia Electrotécnica e de Computadores','FEUP',3);
INSERT INTO degree VALUES ('PRODEF','Programa Doutoral em Engenharia Física','FEUP',3);
INSERT INTO degree VALUES ('PRODEI','Programa Doutoral em Engenharia Informática Web','FEUP',3);
INSERT INTO degree VALUES ('PRODEM','Programa Doutoral em Engenharia Mecânica','FEUP',3);
INSERT INTO degree VALUES ('PDEMM','Programa Doutoral em Engenharia Metalúrgica e de Materiais','FEUP',3);
INSERT INTO degree VALUES ('PDEQB','Programa Doutoral em Engenharia Química e Biológica Web','FEUP',3);
INSERT INTO degree VALUES ('DLIT','Programa Doutoral em Líderes para Indústrias Tecnológicas','FEUP',3);
INSERT INTO degree VALUES ('PDMPA','Programa Doutoral em Materiais e Processamento Avançados','FEUP',3);
INSERT INTO degree VALUES ('PDMD','Programa Doutoral em Media Digitais Web','FEUP',3);
INSERT INTO degree VALUES ('PDPT','Programa Doutoral em Planeamento do Território','FEUP',3);
INSERT INTO degree VALUES ('DEMSSO','Programa Doutoral em Segurança e Saúde Ocupacionais Web','FEUP',3);
INSERT INTO degree VALUES ('PDST','Programa Doutoral em Sistemas de Transportes','FEUP',3);
INSERT INTO degree VALUES ('PDSSE','Programa Doutoral em Sistemas Sustentáveis de Energia','FEUP',3);
INSERT INTO degree VALUES ('MAP-T','Programa Doutoral em Telecomunicações','FEUP',3);
--FLUP:
--1
INSERT INTO degree VALUES ('LRI', 'Licenciatura em Línguas e Relações Internacionais', 'FLUP', 1);
INSERT INTO degree VALUES ('LLC', 'Licenciatura em Línguas, Literaturas e Culturas', 'FLUP', 1);
INSERT INTO degree VALUES ('HART', 'Licenciatura em História da Arte', 'FLUP', 1);
INSERT INTO degree VALUES ('SOCI', 'Licenciatura em Sociologia', 'FLUP', 1);
INSERT INTO degree VALUES ('FILO', 'Licenciatura em Filosofia', 'FLUP', 1);
INSERT INTO degree VALUES ('GEOGR', 'Licenciatura em Geografia', 'FLUP', 1);
INSERT INTO degree VALUES ('HISTO', 'Licenciatura em História', 'FLUP', 1);
--2

--Person:
INSERT INTO person VALUES (201902438,'Guilherme Knorst Magnago','Rua de Mouzinho da Silveira 44, 1º andar',911582067);
INSERT INTO person VALUES (201703584,'Adriana Queirós',NULL,578040773);
INSERT INTO person VALUES (201703585,'Adrien Amorim',NULL,297642131);
INSERT INTO person VALUES (201703586,'Afonso Pereira',NULL,164453790);
INSERT INTO person VALUES (201703587,'Alana Viana',NULL,603024335);
INSERT INTO person VALUES (201703588,'Alexandra Calado',NULL,685460298);
INSERT INTO person VALUES (201703589,'Alexandre Simões',NULL,48718847);
INSERT INTO person VALUES (201703590,'Alice Cordeiro',NULL,771753381);
INSERT INTO person VALUES (201703591,'Alícia Raposo',NULL,976521184);
INSERT INTO person VALUES (201703592,'Amélia Sá',NULL,467499052);
INSERT INTO person VALUES (201703593,'Ana Domingues',NULL,917903583);
INSERT INTO person VALUES (201703594,'André Cunha',NULL,585794637);
INSERT INTO person VALUES (201703595,'Ângelo Batista',NULL,596152298);
INSERT INTO person VALUES (201703596,'Anita Gama',NULL,246849464);
INSERT INTO person VALUES (201703597,'António Neves',NULL,339528776);
INSERT INTO person VALUES (201703598,'Ariana Ventura',NULL,407687320);
INSERT INTO person VALUES (201703599,'Artur Ramos',NULL,535468330);
INSERT INTO person VALUES (201703600,'Áurea Ferrão',NULL,924717146);
INSERT INTO person VALUES (201703601,'Aurora da Silva',NULL,676912256);
INSERT INTO person VALUES (201703602,'Bárbara Pina',NULL,511138847);
INSERT INTO person VALUES (201703603,'Beatriz Bento',NULL,49116995);
INSERT INTO person VALUES (201703604,'Benedita Guedes',NULL,457063894);
INSERT INTO person VALUES (201703605,'Benjamim Antunes',NULL,408716004);
INSERT INTO person VALUES (201703606,'Bernardo Duarte',NULL,645988852);
INSERT INTO person VALUES (201703607,'Bia Louro',NULL,827521261);
INSERT INTO person VALUES (201703608,'Bianca Francisco',NULL,636109789);
INSERT INTO person VALUES (201703609,'Bruna Lobo',NULL,627776711);
INSERT INTO person VALUES (201703610,'Bruno Afonso',NULL,510194904);
INSERT INTO person VALUES (201703611,'Bryan Castro',NULL,585421990);
INSERT INTO person VALUES (201703612,'Caetana Luíz',NULL,40275603);
INSERT INTO person VALUES (201703613,'Caio Jesus',NULL,412725477);
INSERT INTO person VALUES (201703614,'Camila Ramalho',NULL,57852318);
INSERT INTO person VALUES (201703615,'Carlos Faria',NULL,704099283);
INSERT INTO person VALUES (201703616,'Carlota Domingos',NULL,934576827);
INSERT INTO person VALUES (201703617,'Carminho Franco',NULL,899027790);
INSERT INTO person VALUES (201703618,'Carolina Pacheco',NULL,578694421);
INSERT INTO person VALUES (201703619,'Catarina Pais',NULL,686480627);
INSERT INTO person VALUES (201703620,'César Cabral',NULL,717379732);
INSERT INTO person VALUES (201703621,'Chloe Graça',NULL,577581204);
INSERT INTO person VALUES (201703622,'Christian Leite',NULL,161160002);
INSERT INTO person VALUES (201703623,'Clara Sampaio',NULL,181666848);
INSERT INTO person VALUES (201703624,'Constança Serra',NULL,51378666);
INSERT INTO person VALUES (201703625,'Cristiano Branco',NULL,302259643);
INSERT INTO person VALUES (201703626,'Daniel Rocha',NULL,197012354);
INSERT INTO person VALUES (201703627,'Daniela Carmo',NULL,56649218);
INSERT INTO person VALUES (201703628,'Davi Barros',NULL,752506093);
INSERT INTO person VALUES (201703629,'David Nunes',NULL,833689094);
INSERT INTO person VALUES (201703630,'Débora Augusto',NULL,631041918);
INSERT INTO person VALUES (201703631,'Diana Madeira',NULL,774022830);
INSERT INTO person VALUES (201703632,'Diego Soares',NULL,208873748);
INSERT INTO person VALUES (201802954,'Dinis Gomes',NULL,402612193);
INSERT INTO person VALUES (201802955,'Diogo Mendes',NULL,190624936);
INSERT INTO person VALUES (201802956,'Duarte Costa',NULL,406826734);
INSERT INTO person VALUES (201802957,'Dylan Jorge',NULL,314361909);
INSERT INTO person VALUES (201802958,'Edgar Rebelo',NULL,843039342);
INSERT INTO person VALUES (201802959,'Eduarda Veloso',NULL,159264899);
INSERT INTO person VALUES (201802960,'Eduardo Fonseca',NULL,158804634);
INSERT INTO person VALUES (201802961,'Elisa Patrício',NULL,842221968);
INSERT INTO person VALUES (201802962,'Ema Torres',NULL,945118388);
INSERT INTO person VALUES (201802963,'Emanuel Macedo',NULL,584498251);
INSERT INTO person VALUES (201802964,'Emília Ferraz',NULL,943765479);
INSERT INTO person VALUES (201802965,'Emily André',NULL,214524972);
INSERT INTO person VALUES (201802966,'Enzo Reis',NULL,679043602);
INSERT INTO person VALUES (201802967,'Eric Maia',NULL,437358701);
INSERT INTO person VALUES (201802968,'Érica Cerqueira',NULL,984642320);
INSERT INTO person VALUES (201802969,'Ester Meireles',NULL,85311319);
INSERT INTO person VALUES (201802970,'Eva Mendonça',NULL,90646949);
INSERT INTO person VALUES (201802971,'Fabiana Magalhães',NULL,687131851);
INSERT INTO person VALUES (201802972,'Fábio Neto',NULL,715425362);
INSERT INTO person VALUES (201802973,'Fernando Luís',NULL,687521970);
INSERT INTO person VALUES (201802974,'Filipa Albuquerque',NULL,984097974);
INSERT INTO person VALUES (201802975,'Filipe Figueiredo',NULL,598274242);
INSERT INTO person VALUES (201802976,'Flor Abrantes',NULL,4426641);
INSERT INTO person VALUES (201802977,'Francisca Mateus',NULL,320427320);
INSERT INTO person VALUES (201802978,'Francisco Santos',NULL,910832896);
INSERT INTO person VALUES (201802979,'Frederica Silveira',NULL,975749668);
INSERT INTO person VALUES (201802980,'Frederico Lima',NULL,672359094);
INSERT INTO person VALUES (201802981,'Gabriel Fernandes',NULL,841401481);
INSERT INTO person VALUES (201802982,'Gabriela Godinho',NULL,754064237);
INSERT INTO person VALUES (201802983,'Gaspar Miguel',NULL,464214437);
INSERT INTO person VALUES (201802984,'Gil Pedro',NULL,477688151);
INSERT INTO person VALUES (201802985,'Giovanna Resende',NULL,535887790);
INSERT INTO person VALUES (201802986,'Gonçalo Pinto',NULL,113181856);
INSERT INTO person VALUES (201802987,'Guilherme Carvalho',NULL,920312456);
INSERT INTO person VALUES (201802988,'Gustavo Teixeira',NULL,7599284);
INSERT INTO person VALUES (201802989,'Helena Pimenta',NULL,158725081);
INSERT INTO person VALUES (201802990,'Henrique Moreira',NULL,144122093);
INSERT INTO person VALUES (201802991,'Hugo Miranda',NULL,820952655);
INSERT INTO person VALUES (201802992,'Inês Coutinho',NULL,933173467);
INSERT INTO person VALUES (201802993,'Íris Caetano',NULL,460395603);
INSERT INTO person VALUES (201802994,'Isaac Matos',NULL,139948147);
INSERT INTO person VALUES (201802995,'Isabel Figueira',NULL,336082082);
INSERT INTO person VALUES (201802996,'Isabella Palma',NULL,926105993);
INSERT INTO person VALUES (201802997,'Ísis Fontes',NULL,444904445);
INSERT INTO person VALUES (201802998,'Ivan Amaral',NULL,769247918);
INSERT INTO person VALUES (201802999,'Ivo Vicente',NULL,44946704);
INSERT INTO person VALUES (201803000,'Jaime Abreu',NULL,246328859);
INSERT INTO person VALUES (201803001,'Jéssica Pimentel',NULL,22127617);
INSERT INTO person VALUES (201803002,'Joana Aguiar',NULL,663417548);
INSERT INTO person VALUES (201803003,'João Silva',NULL,731566329);
INSERT INTO person VALUES (201901358,'Joaquim Mota',NULL,350120934);
INSERT INTO person VALUES (201901359,'Joel Paiva',NULL,805202554);
INSERT INTO person VALUES (201901360,'Jonathan Guimarães',NULL,238386594);
INSERT INTO person VALUES (201901361,'Jorge Vaz',NULL,392157655);
INSERT INTO person VALUES (201901362,'José Vieira',NULL,748181777);
INSERT INTO person VALUES (201901363,'Júlia Freire',NULL,551572623);
INSERT INTO person VALUES (201901364,'Juliana Lucas',NULL,915047665);
INSERT INTO person VALUES (201901365,'Julieta Amaro',NULL,391258325);
INSERT INTO person VALUES (201901366,'Kelly Carlos',NULL,375209682);
INSERT INTO person VALUES (201901367,'Kevin Tavares',NULL,32011255);
INSERT INTO person VALUES (201901368,'Kyara Trindade',NULL,701931696);
INSERT INTO person VALUES (201901369,'Lara Morgado',NULL,737970628);
INSERT INTO person VALUES (201901370,'Larissa Farinha',NULL,103449119);
INSERT INTO person VALUES (201901371,'Laura Peixoto',NULL,293541486);
INSERT INTO person VALUES (201901372,'Leandro Lourenço',NULL,567713895);
INSERT INTO person VALUES (201901373,'Leonardo Pires',NULL,856524947);
INSERT INTO person VALUES (201901374,'Leonor Vasconcelos',NULL,188490240);
INSERT INTO person VALUES (201901375,'Letícia Magalhes',NULL,370853557);
INSERT INTO person VALUES (201901376,'Lia Barroso',NULL,316442066);
INSERT INTO person VALUES (201901377,'Liam Valente',NULL,816989044);
INSERT INTO person VALUES (201901378,'Lorena Marinho',NULL,883639477);
INSERT INTO person VALUES (201901379,'Lorenzo Araújo',NULL,426589290);
INSERT INTO person VALUES (201901380,'Lourenço Sousa',NULL,70845071);
INSERT INTO person VALUES (201901381,'Luan Garcia',NULL,401719388);
INSERT INTO person VALUES (201901382,'Luana Conceição',NULL,606839722);
INSERT INTO person VALUES (201901383,'Luca Rosa',NULL,911466743);
INSERT INTO person VALUES (201901384,'Lucas Gonçalves',NULL,534820937);
INSERT INTO person VALUES (201901385,'Luena Xavier',NULL,146167064);
INSERT INTO person VALUES (201901386,'Luís Machado',NULL,296683879);
INSERT INTO person VALUES (201901387,'Luísa Guerra',NULL,119833686);
INSERT INTO person VALUES (201901388,'Luna Carreira',NULL,379016161);
INSERT INTO person VALUES (201901389,'Luz Diogo',NULL,981783853);
INSERT INTO person VALUES (201901390,'Madalena Manuel',NULL,72331212);
INSERT INTO person VALUES (201901391,'Mafalda Mesquita',NULL,148721357);
INSERT INTO person VALUES (201901392,'Manel Brito',NULL,179720823);
INSERT INTO person VALUES (201901393,'Manuel Monteiro',NULL,567856030);
INSERT INTO person VALUES (201901394,'Mara Bernardo',NULL,170025604);
INSERT INTO person VALUES (201901395,'Marco Gouveia',NULL,10639555);
INSERT INTO person VALUES (201901396,'Margarida Saraiva',NULL,807177037);
INSERT INTO person VALUES (201901397,'Maria Bastos',NULL,436337544);
INSERT INTO person VALUES (201901398,'Mariana Sequeira',NULL,61868060);
INSERT INTO person VALUES (201901399,'Mário Moura',NULL,82554873);
INSERT INTO person VALUES (201901400,'Marta Roque',NULL,443246658);
INSERT INTO person VALUES (201901401,'Martim Martins',NULL,245695830);
INSERT INTO person VALUES (201901402,'Mateo Esteves',NULL,207106770);
INSERT INTO person VALUES (201901403,'Mateus Dias',NULL,632260410);
INSERT INTO person VALUES (201901404,'Matias Freitas',NULL,648556840);
INSERT INTO person VALUES (201901405,'Matilde Matias',NULL,742201022);
INSERT INTO person VALUES (201901406,'Mayara Teles',NULL,534442422);
INSERT INTO person VALUES (201901407,'Melanie Medeiros',NULL,871915029);
INSERT INTO person VALUES (202003711,'Melissa António',NULL,282573643);
INSERT INTO person VALUES (202003712,'Mia Botelho',NULL,330740235);
INSERT INTO person VALUES (202003713,'Micael Loureiro',NULL,319965820);
INSERT INTO person VALUES (202003714,'Miguel Lopes',NULL,252024080);
INSERT INTO person VALUES (202003715,'Miriam Alexandre',NULL,115840392);
INSERT INTO person VALUES (202003716,'Muhammad Pinho',NULL,451331234);
INSERT INTO person VALUES (202003717,'Nayara Inácio',NULL,513732698);
INSERT INTO person VALUES (202003718,'Nicole Caldeira',NULL,113691482);
INSERT INTO person VALUES (202003719,'Noa Dinis',NULL,35574883);
INSERT INTO person VALUES (202003720,'Noah Melo',NULL,744873140);
INSERT INTO person VALUES (202003721,'Nuno Morais',NULL,497370786);
INSERT INTO person VALUES (202003722,'Núria Veiga',NULL,152089018);
INSERT INTO person VALUES (202003723,'Olívia Martinho',NULL,416800836);
INSERT INTO person VALUES (202003724,'Paulo Campos',NULL,17732777);
INSERT INTO person VALUES (202003725,'Pedro Marques',NULL,968965708);
INSERT INTO person VALUES (202003726,'Pilar Gil',NULL,878200227);
INSERT INTO person VALUES (202003727,'Rafael Alves',NULL,276888160);
INSERT INTO person VALUES (202003728,'Rafaela Magalhaes',NULL,405668331);
INSERT INTO person VALUES (202003729,'Raquel Nobre',NULL,523990723);
INSERT INTO person VALUES (202003730,'Raul Filipe',NULL,857706755);
INSERT INTO person VALUES (202003731,'Renato Gaspar',NULL,385388031);
INSERT INTO person VALUES (202003732,'Ricardo Andrade',NULL,502352571);
INSERT INTO person VALUES (202003733,'Rita Viegas',NULL,645699009);
INSERT INTO person VALUES (202003734,'Rodrigo Rodrigues',NULL,807511908);
INSERT INTO person VALUES (202003735,'Rúben Henriques',NULL,881366203);
INSERT INTO person VALUES (202003736,'Rui Nogueira',NULL,543452302);
INSERT INTO person VALUES (202003737,'Salvador Almeida',NULL,166001084);
INSERT INTO person VALUES (202003738,'Samuel Azevedo',NULL,717110571);
INSERT INTO person VALUES (202003739,'Santiago Ferreira',NULL,260885988);
INSERT INTO person VALUES (202003740,'Sara Paulo',NULL,477877737);
INSERT INTO person VALUES (202003741,'Sebastião Pinheiro',NULL,758021309);
INSERT INTO person VALUES (202003742,'Sérgio Leal',NULL,858956000);
INSERT INTO person VALUES (202003743,'Simão Cardoso',NULL,13827635);
INSERT INTO person VALUES (202003744,'Sofia Carneiro',NULL,628489023);
INSERT INTO person VALUES (202003745,'Soraia Barreto',NULL,464917459);
INSERT INTO person VALUES (202003746,'Teresa Vale',NULL,216435400);
INSERT INTO person VALUES (202003747,'Theo Nascimento',NULL,183894372);
INSERT INTO person VALUES (202003748,'Tiago Correia',NULL,583830687);
INSERT INTO person VALUES (202003749,'Tomás Oliveira',NULL,494630387);
INSERT INTO person VALUES (202003750,'Tomé Guerreiro',NULL,7093006);
INSERT INTO person VALUES (202003751,'Valentim Barbosa',NULL,546720061);
INSERT INTO person VALUES (202003752,'Valentina Brandão',NULL,59913419);
INSERT INTO person VALUES (202003753,'Vasco Coelho',NULL,513023404);
INSERT INTO person VALUES (202003754,'Vera Pedrosa',NULL,279544293);
INSERT INTO person VALUES (202003755,'Vicente Ribeiro',NULL,65765951);
INSERT INTO person VALUES (202003756,'Vítor Borges',NULL,235157737);
INSERT INTO person VALUES (202003757,'Vitória Lemos',NULL,643971640);
INSERT INTO person VALUES (202003758,'William Baptista',NULL,538162794);
INSERT INTO person VALUES (202003759,'Xavier Cruz',NULL,718744666);
INSERT INTO person VALUES (202003760,'Yara Barata',NULL,937779441);
INSERT INTO person VALUES (202003761,'Yasmin Braga',NULL,450541074);
INSERT INTO person VALUES (202003762,'Yuri Couto',NULL,921515625);


INSERT INTO person VALUES (656730,'Gonçalo Filipe Loureiro Campos Gonçalves','Rua do Gonçalo 33',984506516);
INSERT INTO person VALUES (636534,'Lázaro Gabriel Barros da Costa','Rua do Lázaro 10',940525605);
INSERT INTO person VALUES (123457,'Jurema Alvares','Rua da Igreja 55',789465135);
INSERT INTO person VALUES (123456,'Maria Fernandes','Passarela da Alegria',987456423);

INSERT INTO person VALUES (987654,'Pedro Gomes','Rua G, 1',878787878);
INSERT INTO person VALUES (874365,'Helena Bernardes','Rua X, 1',787878787);
INSERT INTO person VALUES (546789,'Felício Antunes','Rua Y, 1',875522565);

INSERT INTO student VALUES (201902438,'LRI');
INSERT INTO student VALUES (201703584,'CINF');
INSERT INTO student VALUES (201703585,'LCEEMG');
INSERT INTO student VALUES (201703586,'CC');
INSERT INTO student VALUES (201703587,'MIB');
INSERT INTO student VALUES (201703588,'MIEC');
INSERT INTO student VALUES (201703589,'MIEEC');
INSERT INTO student VALUES (201703590,'CINF');
INSERT INTO student VALUES (201703591,'LCEEMG');
INSERT INTO student VALUES (201703592,'CC');
INSERT INTO student VALUES (201703593,'MIB');
INSERT INTO student VALUES (201703594,'MIEC');
INSERT INTO student VALUES (201703595,'MIEEC');
INSERT INTO student VALUES (201703596,'CINF');
INSERT INTO student VALUES (201703597,'LCEEMG');
INSERT INTO student VALUES (201703598,'CC');
INSERT INTO student VALUES (201703599,'MIB');
INSERT INTO student VALUES (201703600,'MIEC');
INSERT INTO student VALUES (201703601,'MIEEC');
INSERT INTO student VALUES (201703602,'CINF');
INSERT INTO student VALUES (201703603,'LCEEMG');
INSERT INTO student VALUES (201703604,'CC');
INSERT INTO student VALUES (201703605,'MIB');
INSERT INTO student VALUES (201703606,'MIEC');
INSERT INTO student VALUES (201703607,'MIEEC');
INSERT INTO student VALUES (201703608,'CINF');
INSERT INTO student VALUES (201703609,'LCEEMG');
INSERT INTO student VALUES (201703610,'CC');
INSERT INTO student VALUES (201703611,'MIB');
INSERT INTO student VALUES (201703612,'MIEC');
INSERT INTO student VALUES (201703613,'MIEEC');
INSERT INTO student VALUES (201703614,'CINF');
INSERT INTO student VALUES (201703615,'LCEEMG');
INSERT INTO student VALUES (201703616,'CC');
INSERT INTO student VALUES (201703617,'MIB');
INSERT INTO student VALUES (201703618,'MIEC');
INSERT INTO student VALUES (201703619,'MIEEC');
INSERT INTO student VALUES (201703620,'CINF');
INSERT INTO student VALUES (201703621,'LCEEMG');
INSERT INTO student VALUES (201703622,'CC');
INSERT INTO student VALUES (201703623,'MIB');
INSERT INTO student VALUES (201703624,'MIEC');
INSERT INTO student VALUES (201703625,'MIEEC');
INSERT INTO student VALUES (201703626,'CINF');
INSERT INTO student VALUES (201703627,'LCEEMG');
INSERT INTO student VALUES (201703628,'CC');
INSERT INTO student VALUES (201703629,'MIB');
INSERT INTO student VALUES (201703630,'MIEC');
INSERT INTO student VALUES (201703631,'MIEEC');
INSERT INTO student VALUES (201703632,'CINF');
INSERT INTO student VALUES (201802954,'LCEEMG');
INSERT INTO student VALUES (201802955,'CC');
INSERT INTO student VALUES (201802956,'MIB');
INSERT INTO student VALUES (201802957,'MIEC');
INSERT INTO student VALUES (201802958,'MIEEC');
INSERT INTO student VALUES (201802959,'CINF');
INSERT INTO student VALUES (201802960,'LCEEMG');
INSERT INTO student VALUES (201802961,'CC');
INSERT INTO student VALUES (201802962,'MIB');
INSERT INTO student VALUES (201802963,'MIEC');
INSERT INTO student VALUES (201802964,'MIEEC');
INSERT INTO student VALUES (201802965,'CINF');
INSERT INTO student VALUES (201802966,'LCEEMG');
INSERT INTO student VALUES (201802967,'CC');
INSERT INTO student VALUES (201802968,'MIB');
INSERT INTO student VALUES (201802969,'MIEC');
INSERT INTO student VALUES (201802970,'MIEEC');
INSERT INTO student VALUES (201802971,'CINF');
INSERT INTO student VALUES (201802972,'LCEEMG');
INSERT INTO student VALUES (201802973,'CC');
INSERT INTO student VALUES (201802974,'MIB');
INSERT INTO student VALUES (201802975,'MIEC');
INSERT INTO student VALUES (201802976,'MIEEC');
INSERT INTO student VALUES (201802977,'CINF');
INSERT INTO student VALUES (201802978,'LCEEMG');
INSERT INTO student VALUES (201802979,'CC');
INSERT INTO student VALUES (201802980,'MIB');
INSERT INTO student VALUES (201802981,'MIEC');
INSERT INTO student VALUES (201802982,'MIEEC');
INSERT INTO student VALUES (201802983,'CINF');
INSERT INTO student VALUES (201802984,'LCEEMG');
INSERT INTO student VALUES (201802985,'CC');
INSERT INTO student VALUES (201802986,'MIB');
INSERT INTO student VALUES (201802987,'MIEC');
INSERT INTO student VALUES (201802988,'MIEEC');
INSERT INTO student VALUES (201802989,'CINF');
INSERT INTO student VALUES (201802990,'LCEEMG');
INSERT INTO student VALUES (201802991,'CC');
INSERT INTO student VALUES (201802992,'MIB');
INSERT INTO student VALUES (201802993,'MIEC');
INSERT INTO student VALUES (201802994,'MIEEC');
INSERT INTO student VALUES (201802995,'CINF');
INSERT INTO student VALUES (201802996,'LCEEMG');
INSERT INTO student VALUES (201802997,'CC');
INSERT INTO student VALUES (201802998,'MIB');
INSERT INTO student VALUES (201802999,'MIEC');
INSERT INTO student VALUES (201803000,'MIEEC');
INSERT INTO student VALUES (201803001,'CINF');
INSERT INTO student VALUES (201803002,'LCEEMG');
INSERT INTO student VALUES (201803003,'CC');
INSERT INTO student VALUES (201901358,'MIB');
INSERT INTO student VALUES (201901359,'MIEC');
INSERT INTO student VALUES (201901360,'MIEEC');
INSERT INTO student VALUES (201901361,'CINF');
INSERT INTO student VALUES (201901362,'LCEEMG');
INSERT INTO student VALUES (201901363,'CC');
INSERT INTO student VALUES (201901364,'MIB');
INSERT INTO student VALUES (201901365,'MIEC');
INSERT INTO student VALUES (201901366,'MIEEC');
INSERT INTO student VALUES (201901367,'CINF');
INSERT INTO student VALUES (201901368,'LCEEMG');
INSERT INTO student VALUES (201901369,'CC');
INSERT INTO student VALUES (201901370,'MIB');
INSERT INTO student VALUES (201901371,'MIEC');
INSERT INTO student VALUES (201901372,'MIEEC');
INSERT INTO student VALUES (201901373,'CINF');
INSERT INTO student VALUES (201901374,'LCEEMG');
INSERT INTO student VALUES (201901375,'CC');
INSERT INTO student VALUES (201901376,'MIB');
INSERT INTO student VALUES (201901377,'MIEC');
INSERT INTO student VALUES (201901378,'MIEEC');
INSERT INTO student VALUES (201901379,'CINF');
INSERT INTO student VALUES (201901380,'LCEEMG');
INSERT INTO student VALUES (201901381,'CC');
INSERT INTO student VALUES (201901382,'MIB');
INSERT INTO student VALUES (201901383,'MIEC');
INSERT INTO student VALUES (201901384,'MIEEC');
INSERT INTO student VALUES (201901385,'CINF');
INSERT INTO student VALUES (201901386,'LCEEMG');
INSERT INTO student VALUES (201901387,'CC');
INSERT INTO student VALUES (201901388,'MIB');
INSERT INTO student VALUES (201901389,'MIEC');
INSERT INTO student VALUES (201901390,'MIEEC');
INSERT INTO student VALUES (201901391,'CINF');
INSERT INTO student VALUES (201901392,'LCEEMG');
INSERT INTO student VALUES (201901393,'CC');
INSERT INTO student VALUES (201901394,'MIB');
INSERT INTO student VALUES (201901395,'MIEC');
INSERT INTO student VALUES (201901396,'MIEEC');
INSERT INTO student VALUES (201901397,'CINF');
INSERT INTO student VALUES (201901398,'LCEEMG');
INSERT INTO student VALUES (201901399,'CC');
INSERT INTO student VALUES (201901400,'MIB');
INSERT INTO student VALUES (201901401,'MIEC');
INSERT INTO student VALUES (201901402,'MIEEC');
INSERT INTO student VALUES (201901403,'CINF');
INSERT INTO student VALUES (201901404,'LCEEMG');
INSERT INTO student VALUES (201901405,'CC');
INSERT INTO student VALUES (201901406,'MIB');
INSERT INTO student VALUES (201901407,'MIEC');
INSERT INTO student VALUES (202003711,'MIEEC');
INSERT INTO student VALUES (202003712,'CINF');
INSERT INTO student VALUES (202003713,'LCEEMG');
INSERT INTO student VALUES (202003714,'CC');
INSERT INTO student VALUES (202003715,'MIB');
INSERT INTO student VALUES (202003716,'MIEC');
INSERT INTO student VALUES (202003717,'MIEEC');
INSERT INTO student VALUES (202003718,'CINF');
INSERT INTO student VALUES (202003719,'LCEEMG');
INSERT INTO student VALUES (202003720,'CC');
INSERT INTO student VALUES (202003721,'MIB');
INSERT INTO student VALUES (202003722,'MIEC');
INSERT INTO student VALUES (202003723,'MIEEC');
INSERT INTO student VALUES (202003724,'CINF');
INSERT INTO student VALUES (202003725,'LCEEMG');
INSERT INTO student VALUES (202003726,'CC');
INSERT INTO student VALUES (202003727,'MIB');
INSERT INTO student VALUES (202003728,'MIEC');
INSERT INTO student VALUES (202003729,'MIEEC');
INSERT INTO student VALUES (202003730,'CINF');
INSERT INTO student VALUES (202003731,'LCEEMG');
INSERT INTO student VALUES (202003732,'CC');
INSERT INTO student VALUES (202003733,'MIB');
INSERT INTO student VALUES (202003734,'MIEC');
INSERT INTO student VALUES (202003735,'MIEEC');
INSERT INTO student VALUES (202003736,'CINF');
INSERT INTO student VALUES (202003737,'LCEEMG');
INSERT INTO student VALUES (202003738,'CC');
INSERT INTO student VALUES (202003739,'MIB');
INSERT INTO student VALUES (202003740,'MIEC');
INSERT INTO student VALUES (202003741,'MIEEC');
INSERT INTO student VALUES (202003742,'CINF');
INSERT INTO student VALUES (202003743,'LCEEMG');
INSERT INTO student VALUES (202003744,'CC');
INSERT INTO student VALUES (202003745,'MIB');
INSERT INTO student VALUES (202003746,'MIEC');
INSERT INTO student VALUES (202003747,'MIEEC');
INSERT INTO student VALUES (202003748,'CINF');
INSERT INTO student VALUES (202003749,'LCEEMG');
INSERT INTO student VALUES (202003750,'CC');
INSERT INTO student VALUES (202003751,'MIB');
INSERT INTO student VALUES (202003752,'MIEC');
INSERT INTO student VALUES (202003753,'MIEEC');
INSERT INTO student VALUES (202003754,'CINF');
INSERT INTO student VALUES (202003755,'LCEEMG');
INSERT INTO student VALUES (202003756,'CC');
INSERT INTO student VALUES (202003757,'MIB');
INSERT INTO student VALUES (202003758,'MIEC');
INSERT INTO student VALUES (202003759,'MIEEC');
INSERT INTO student VALUES (202003760,'CINF');
INSERT INTO student VALUES (202003761,'LCEEMG');
INSERT INTO student VALUES (202003762,'CC');


INSERT INTO professor VALUES (656730,'FEUP','gflcg@fe.up.pt','Docente Assistente Convidado');
INSERT INTO professor VALUES (636534,'FEUP','lazaro@fe.up.pt','Docente Assistente Convidado');
INSERT INTO professor VALUES (123457,'FEUP','jurema@fe.up.pt','Docente Assistente Convidado');
INSERT INTO professor VALUES (123456,'FLUP','m.fernandes@letras.up.pt','Docente Titular');

INSERT INTO janitor VALUES (987654,'p.gomes@fe.up.pt','FEUP');
INSERT INTO janitor VALUES (874365,'h.bernardes@fe.up.pt','FEUP');
INSERT INTO janitor VALUES (546789,'f.antunes@letras.up.pt','FLUP');



--Courses:
--FEUP
--CINF
INSERT INTO course VALUES ('HCUL','História da Cultura','CINF');
INSERT INTO course VALUES ('INFBAS','Informática Básica','CINF');
INSERT INTO course VALUES ('LOG_CI','Lógica','CINF');
INSERT INTO course VALUES ('ISCI','Introdução aos Sistemas e Ciência da Informação','CINF');
INSERT INTO course VALUES ('TECOM','Técnicas de Expressão e Comunicação','CINF');
INSERT INTO course VALUES ('MD','Metainformação Descritiva','CINF');
INSERT INTO course VALUES ('DA_CI','Direito Administrativo','CINF');
INSERT INTO course VALUES ('II','Informação para a Internet','CINF');
INSERT INTO course VALUES ('OGE','Organização e Gestão de Empresas','CINF');
INSERT INTO course VALUES ('TMCI','Teoria e Metodologia da Ciência da Informação','CINF');
INSERT INTO course VALUES ('ASI','Análise de Sistemas de Informação','CINF');
INSERT INTO course VALUES ('GI','Gestão da Informação','CINF');
INSERT INTO course VALUES ('GSI','Gestão de Serviços de Informação','CINF');
INSERT INTO course VALUES ('RI','Recuperação da Informação','CINF');
--LCEEMG
INSERT INTO course VALUES ('QUIM1','Química I','LCEEMG');
INSERT INTO course VALUES ('PF','Projeto FEUP','LCEEMG');
INSERT INTO course VALUES ('G I','Geologia I','LCEEMG');
INSERT INTO course VALUES ('DT','Desenho Técnico','LCEEMG');
INSERT INTO course VALUES ('AM I','Análise Matemática I','LCEEMG');
INSERT INTO course VALUES ('FISI2','Física II','LCEEMG');
INSERT INTO course VALUES ('P','Petrologia','LCEEMG');
INSERT INTO course VALUES ('RM','Resistência de Materiais','LCEEMG');
INSERT INTO course VALUES ('QA','Química Ambiental','LCEEMG');
INSERT INTO course VALUES ('MN','Métodos Numéricos','LCEEMG');
INSERT INTO course VALUES ('AAD','Aquisição e Análise de Dados','LCEEMG');
INSERT INTO course VALUES ('TMPR I','Tratamento de Matérias Primas e Resíduos I','LCEEMG');
INSERT INTO course VALUES ('DM','Desmonte de Maciços','LCEEMG');
INSERT INTO course VALUES ('ECAP','Engenharia de Custos e Avaliação de Projetos','LCEEMG');
INSERT INTO course VALUES ('GA','Geologia Ambiental','LCEEMG');
--CC
INSERT INTO course VALUES ('TEPOR','Técnicas de Expressão de Português','CC');
INSERT INTO course VALUES ('HMCNT','História do Mundo Contemporâneo','CC');
INSERT INTO course VALUES ('TCOM','Teorias da Comunicação','CC');
INSERT INTO course VALUES ('METINV','Metodologia de Investigação','CC');
INSERT INTO course VALUES ('TME','Tecnologias dos Media','CC');
INSERT INTO course VALUES ('SEMCOM','Semiótica da Comunicação','CC');
INSERT INTO course VALUES ('TEJ_I_II','Técnicas de Expressão Jornalística II- Imprensa','CC');
INSERT INTO course VALUES ('TEJ_O_II','Técnicas de Expressão Jornalística II - Online','CC');
INSERT INTO course VALUES ('MARK','Marketing','CC');
INSERT INTO course VALUES ('CDINT','Comunicações Digitais e Internet','CC');
INSERT INTO course VALUES ('JORC','Jornalismo Comparado','CC');
INSERT INTO course VALUES ('AIJ','Atelier Integrado de Jornalismo','CC');
INSERT INTO course VALUES ('ECOM','Economia dos Media','CC');
INSERT INTO course VALUES ('LABSI','Laboratórios de Som e Imagem','CC');
--MIB
INSERT INTO course VALUES ('FQUI','Fundamentos de Química','MIB');
INSERT INTO course VALUES ('MAT1','Matemática I','MIB');
INSERT INTO course VALUES ('IPCOM','Introdução à Programação Científica','MIB');
INSERT INTO course VALUES ('FFIS','Fundamentos de Física','MIB');
INSERT INTO course VALUES ('CMBI','Ciências dos Materiais em Bioengenharia','MIB');
INSERT INTO course VALUES ('MGER','Microbiologia Geral','MIB');
INSERT INTO course VALUES ('MAT3','Matemática III','MIB');
INSERT INTO course VALUES ('MFLU','Mecânica dos Fluidos','MIB');
INSERT INTO course VALUES ('ELEL','Eletricidade e Eletromagnetismo','MIB');
INSERT INTO course VALUES ('FTRANS1','Fenómenos de Transferência I','MIB');
INSERT INTO course VALUES ('PSFI','Processamento de Sinais Fisiológicos','MIB');
INSERT INTO course VALUES ('ISBI','Interfaces em Sistemas Biológicos','MIB');
INSERT INTO course VALUES ('EDA','Estruturas de Dados e Algoritmos','MIB');
INSERT INTO course VALUES ('SAC','Sensores, Atuadores e Controlo','MIB');
INSERT INTO course VALUES ('AH','Anatomia Humana','MIB');
INSERT INTO course VALUES ('IINF','Imunologia e Infecção','MIB');
INSERT INTO course VALUES ('BMOL','Biointerfaces Moleculares','MIB');
INSERT INTO course VALUES ('EBMP','Engenharia e Biologia Molecular de Plantas','MIB');
INSERT INTO course VALUES ('FIS','Fisiologia','MIB');
INSERT INTO course VALUES ('BM','Bioquímica Microbiana','MIB');
INSERT INTO course VALUES ('EF','Engenharia das Fermentações','MIB');
INSERT INTO course VALUES ('MIA','Métodos Instrumentais de Análise','MIB');
INSERT INTO course VALUES ('FIB','Fenómenos Interfaciais em Biossistemas','MIB');
INSERT INTO course VALUES ('FTII','Fenómenos de Transferência II','MIB');
INSERT INTO course VALUES ('DACO','Diagnóstico Assistido por Computador','MIB');
INSERT INTO course VALUES ('BRM','Biónica e Robótica Médica','MIB');
INSERT INTO course VALUES ('RRTE','Reparação e Regeneração de Tecidos','MIB');
INSERT INTO course VALUES ('NANOS','Nanotecnologia em Saúde','MIB');
INSERT INTO course VALUES ('EC','Engenharia Celular','MIB');
INSERT INTO course VALUES ('ER','Engenharia Regenerativa','MIB');
INSERT INTO course VALUES ('AEFB','Análise Estrutural e Funcional em Bioengenharia','MIB');
INSERT INTO course VALUES ('IPCEC','Investigação Pré-Clínica e Ensaio Clínico','MIB');
INSERT INTO course VALUES ('TAMB','Tecnologia Ambiental','MIB');
INSERT INTO course VALUES ('PSBI','Processos de Separação em Biotecnologia','MIB');
INSERT INTO course VALUES ('QTPR','Química e Tecnologia dos Produtos','MIB');
INSERT INTO course VALUES ('TALI','Tecnologia Alimentar','MIB');
INSERT INTO course VALUES ('EMC','Engenharia Metabólica e Celular','MIB');
INSERT INTO course VALUES ('EG','Economia e Gestão','MIB');
INSERT INTO course VALUES ('IB','Inovação em Biodesign','MIB');
INSERT INTO course VALUES ('PEBM','Projeto de Engenharia Biomédica','MIB');
INSERT INTO course VALUES ('NN','Nanoterapêutica e Nanodiagnóstico','MIB');
INSERT INTO course VALUES ('PBM','Projeto de Bioengenharia Molecular','MIB');
INSERT INTO course VALUES ('BIOI','Bioinformática','MIB');
INSERT INTO course VALUES ('SGQU','Sistemas de Gestão da Qualidade','MIB');
INSERT INTO course VALUES ('SPI','Seminários e Projeto de Investigação','MIB');
INSERT INTO course VALUES ('PEB','Projeto de Engenharia Biológica','MIB');
INSERT INTO course VALUES ('EMPIN','Empreendedorismo e Inovação','MIB');
--MIEC
INSERT INTO course VALUES ('COMP','Computação','MIEC');
INSERT INTO course VALUES ('DTEC','Desenho Técnico','MIEC');
INSERT INTO course VALUES ('HECI','História da Engenharia Civil','MIEC');
INSERT INTO course VALUES ('AMAT1','Análise Matemática 1','MIEC');
INSERT INTO course VALUES ('RMAT1','Resistência dos Materiais 1','MIEC');
INSERT INTO course VALUES ('GENG','Geologia de Engenharia','MIEC');
INSERT INTO course VALUES ('MECA1','Mecânica 1','MIEC');
INSERT INTO course VALUES ('MECA2','Mecânica 2','MIEC');
INSERT INTO course VALUES ('IASO','Impactes Ambientais e Sociais','MIEC');
INSERT INTO course VALUES ('AMAT3','Análise Matemática 3','MIEC');
INSERT INTO course VALUES ('MCON1','Materiais de Construção 1','MIEC');
INSERT INTO course VALUES ('IOPE','Investigação Operacional','MIEC');
INSERT INTO course VALUES ('FCON','Física das Construções','MIEC');
INSERT INTO course VALUES ('HGER2','Hidráulica Geral 2','MIEC');
INSERT INTO course VALUES ('TEST1','Teoria das Estruturas 1','MIEC');
--MIEEC
INSERT INTO course VALUES ('PROG1','Programação 1','MIEEC');
INSERT INTO course VALUES ('PROG2','Programação 2','MIEEC');
INSERT INTO course VALUES ('LSDI','Laboratório de Sistemas Digitais','MIEEC');
INSERT INTO course VALUES ('ALGE','Álgebra','MIEEC');
INSERT INTO course VALUES ('MNUM','Métodos Numéricos','MIEEC');
INSERT INTO course VALUES ('TSIN','Teoria do Sinal','MIEEC');
INSERT INTO course VALUES ('ELEM','Electromagnetismo','MIEEC');
INSERT INTO course VALUES ('PEST','Probabilidades e Estatística','MIEEC');
INSERT INTO course VALUES ('CIR2','Circuitos 2','MIEEC');
INSERT INTO course VALUES ('ELEC2','Electrónica 2','MIEEC');
INSERT INTO course VALUES ('SCON','Sistemas e Controlo','MIEEC');
INSERT INTO course VALUES ('OELE','Ondas Electromagnéticas','MIEEC');
INSERT INTO course VALUES ('RCOM','Redes de Computadores','MIEEC');
INSERT INTO course VALUES ('FTEL2','Fundamentos de Telecomunicações 2','MIEEC');
INSERT INTO course VALUES ('LPRO','Laboratório de Programação','MIEEC');
INSERT INTO course VALUES ('PDI','Preparação da Dissertação','MIEEC');
INSERT INTO course VALUES ('SETEC','Sistemas de Engenharia - Telecomunicações, Electrónica e Computadores','MIEEC');
INSERT INTO course VALUES ('SIBD','Sistemas de Informação e Bases de Dados','MIEEC');



--Classes:
--SIBD01
INSERT INTO class VALUES ('SIBD','03',35);
INSERT INTO class VALUES ('SIBD','02',35);
INSERT INTO class VALUES ('HCUL','01',30);
INSERT INTO class VALUES ('INFBAS','01',30);
INSERT INTO class VALUES ('INFBAS','02',30);
INSERT INTO class VALUES ('ALGE','01',25);
INSERT INTO class VALUES ('ALGE','02',25);
INSERT INTO class VALUES ('PROG1','01',25);
INSERT INTO class VALUES ('PROG1','02',25);
INSERT INTO class VALUES ('MECA1','01',40);
INSERT INTO class VALUES ('MECA2','01',30);

--Classroom:
INSERT INTO classroom (code,description,faculty,janitor) VALUES ('EAD','Aula à Distância','FEUP',NULL);
INSERT INTO classroom (code,description,faculty,janitor) VALUES ('A101','Sala de Aula','FEUP',987654);
INSERT INTO classroom (code,description,faculty,janitor) VALUES ('A102','Sala de Aula','FEUP',987654);
INSERT INTO classroom (code,description,faculty,janitor) VALUES ('A103','Sala de Aula','FEUP',987654);
INSERT INTO classroom (code,description,faculty,janitor) VALUES ('A201','Sala de Aula','FEUP',987654);
INSERT INTO classroom (code,description,faculty,janitor) VALUES ('A202','Sala de Aula','FEUP',987654);
INSERT INTO classroom (code,description,faculty,janitor) VALUES ('B101','Sala de Aula','FEUP',874365);
INSERT INTO classroom (code,description,faculty,janitor) VALUES ('B102','Sala de Aula','FEUP',874365);
INSERT INTO classroom (code,description,faculty,janitor) VALUES ('B103','Sala de Aula','FEUP',874365);
INSERT INTO classroom (code,description,faculty,janitor) VALUES ('B201','Sala de Aula','FEUP',874365);
INSERT INTO classroom (code,description,faculty,janitor) VALUES ('B202','Sala de Aula','FEUP',874365);

INSERT INTO classroom (code,description,faculty,janitor) VALUES ('G101','Sala de Aula Geral','FLUP',546789);
INSERT INTO classroom (code,description,faculty,janitor) VALUES ('G102','Sala de Aula Geral','FLUP',546789);
--Enrollment:
INSERT INTO enrollment VALUES (null,201902438,'SIBD','03','2020-09-05 10:14:55');

INSERT INTO enrollment VALUES (NULL,201802976,'ALGE','02','2020-09-07 10:03:57');
INSERT INTO enrollment VALUES (NULL,201802988,'ALGE','02','2020-09-07 10:04:17');
INSERT INTO enrollment VALUES (NULL,201703589,'ALGE','01','2020-09-07 10:05:47');
INSERT INTO enrollment VALUES (NULL,201901390,'ALGE','01','2020-09-07 10:07:17');
INSERT INTO enrollment VALUES (NULL,201802970,'ALGE','02','2020-09-07 10:07:47');
INSERT INTO enrollment VALUES (NULL,201901370,'ALGE','01','2020-09-07 10:07:53');
INSERT INTO enrollment VALUES (NULL,201802986,'ALGE','01','2020-09-07 10:08:03');
INSERT INTO enrollment VALUES (NULL,202003715,'ALGE','02','2020-09-07 10:08:23');
INSERT INTO enrollment VALUES (NULL,201802994,'ALGE','02','2020-09-07 10:08:47');
INSERT INTO enrollment VALUES (NULL,201901394,'ALGE','02','2020-09-07 10:10:33');
INSERT INTO enrollment VALUES (NULL,201703623,'ALGE','01','2020-09-07 10:10:57');
INSERT INTO enrollment VALUES (NULL,202003747,'ALGE','01','2020-09-07 10:11:07');
INSERT INTO enrollment VALUES (NULL,201901402,'ALGE','01','2020-09-07 10:11:47');
INSERT INTO enrollment VALUES (NULL,201901360,'ALGE','02','2020-09-07 10:12:37');
INSERT INTO enrollment VALUES (NULL,201803000,'ALGE','02','2020-09-07 10:12:57');
INSERT INTO enrollment VALUES (NULL,202003739,'ALGE','01','2020-09-07 10:13:23');
INSERT INTO enrollment VALUES (NULL,202003727,'ALGE','01','2020-09-07 10:13:33');
INSERT INTO enrollment VALUES (NULL,202003711,'ALGE','01','2020-09-07 10:13:57');
INSERT INTO enrollment VALUES (NULL,201703625,'ALGE','02','2020-09-07 10:14:41');
INSERT INTO enrollment VALUES (NULL,201901376,'ALGE','01','2020-09-07 10:14:53');
INSERT INTO enrollment VALUES (NULL,201901358,'ALGE','01','2020-09-07 10:15:53');
INSERT INTO enrollment VALUES (NULL,201901366,'ALGE','01','2020-09-07 10:16:17');
INSERT INTO enrollment VALUES (NULL,201901388,'ALGE','02','2020-09-07 10:16:23');
INSERT INTO enrollment VALUES (NULL,201802956,'ALGE','01','2020-09-07 10:17:33');
INSERT INTO enrollment VALUES (NULL,201703605,'ALGE','02','2020-09-07 10:17:57');
INSERT INTO enrollment VALUES (NULL,201703613,'ALGE','01','2020-09-07 10:18:11');
INSERT INTO enrollment VALUES (NULL,202003723,'ALGE','01','2020-09-07 10:18:17');
INSERT INTO enrollment VALUES (NULL,201901400,'ALGE','02','2020-09-07 10:18:53');
INSERT INTO enrollment VALUES (NULL,202003745,'ALGE','01','2020-09-07 10:20:03');
INSERT INTO enrollment VALUES (NULL,202003721,'ALGE','01','2020-09-07 10:20:53');
INSERT INTO enrollment VALUES (NULL,202003753,'ALGE','01','2020-09-07 10:21:37');
INSERT INTO enrollment VALUES (NULL,202003717,'ALGE','01','2020-09-07 10:21:47');
INSERT INTO enrollment VALUES (NULL,202003729,'ALGE','01','2020-09-07 10:21:57');
INSERT INTO enrollment VALUES (NULL,201901406,'ALGE','01','2020-09-07 10:22:03');
INSERT INTO enrollment VALUES (NULL,201901384,'ALGE','01','2020-09-07 10:22:17');
INSERT INTO enrollment VALUES (NULL,201703599,'ALGE','02','2020-09-07 10:22:23');
INSERT INTO enrollment VALUES (NULL,202003751,'ALGE','02','2020-09-07 10:23:03');
INSERT INTO enrollment VALUES (NULL,201901372,'ALGE','01','2020-09-07 10:23:27');
INSERT INTO enrollment VALUES (NULL,201703611,'ALGE','02','2020-09-07 10:24:37');
INSERT INTO enrollment VALUES (NULL,201703595,'ALGE','01','2020-09-07 10:25:01');
INSERT INTO enrollment VALUES (NULL,201703587,'ALGE','02','2020-09-07 10:25:13');
INSERT INTO enrollment VALUES (NULL,201901382,'ALGE','02','2020-09-07 10:25:23');
INSERT INTO enrollment VALUES (NULL,202003757,'ALGE','02','2020-09-07 10:26:23');
INSERT INTO enrollment VALUES (NULL,202003733,'ALGE','02','2020-09-07 10:26:33');
INSERT INTO enrollment VALUES (NULL,201802980,'ALGE','02','2020-09-07 10:27:13');
INSERT INTO enrollment VALUES (NULL,201703601,'ALGE','01','2020-09-07 10:27:31');
INSERT INTO enrollment VALUES (NULL,201703619,'ALGE','02','2020-09-07 10:28:01');
INSERT INTO enrollment VALUES (NULL,202003759,'ALGE','01','2020-09-07 10:29:15');
INSERT INTO enrollment VALUES (NULL,201802982,'ALGE','02','2020-09-07 10:30:27');
INSERT INTO enrollment VALUES (NULL,202003741,'ALGE','01','2020-09-07 10:30:37');
INSERT INTO enrollment VALUES (NULL,201802998,'ALGE','01','2020-09-07 10:30:43');
INSERT INTO enrollment VALUES (NULL,201703631,'ALGE','02','2020-09-07 10:31:11');
INSERT INTO enrollment VALUES (NULL,201901396,'ALGE','01','2020-09-07 10:31:27');
INSERT INTO enrollment VALUES (NULL,201703607,'ALGE','01','2020-09-07 10:32:11');
INSERT INTO enrollment VALUES (NULL,201703629,'ALGE','02','2020-09-07 10:32:17');
INSERT INTO enrollment VALUES (NULL,201802958,'ALGE','02','2020-09-07 10:32:47');
INSERT INTO enrollment VALUES (NULL,202003735,'ALGE','01','2020-09-07 10:33:47');
INSERT INTO enrollment VALUES (NULL,201901378,'ALGE','01','2020-09-07 10:33:57');
INSERT INTO enrollment VALUES (NULL,201703617,'ALGE','01','2020-09-07 10:34:07');
INSERT INTO enrollment VALUES (NULL,201901364,'ALGE','02','2020-09-07 10:34:33');
INSERT INTO enrollment VALUES (NULL,201703593,'ALGE','01','2020-09-07 10:34:43');
INSERT INTO enrollment VALUES (NULL,201802992,'ALGE','01','2020-09-07 10:35:33');
INSERT INTO enrollment VALUES (NULL,201802964,'ALGE','02','2020-09-07 10:36:07');
INSERT INTO enrollment VALUES (NULL,201802962,'ALGE','01','2020-09-07 10:36:13');
INSERT INTO enrollment VALUES (NULL,201802974,'ALGE','01','2020-09-07 10:37:03');
INSERT INTO enrollment VALUES (NULL,201802968,'ALGE','01','2020-09-07 10:37:13');
INSERT INTO enrollment VALUES (NULL,201901395,'HCUL','01','2020-09-07 10:04:25');
INSERT INTO enrollment VALUES (NULL,202003724,'HCUL','01','2020-09-07 10:04:45');
INSERT INTO enrollment VALUES (NULL,201803001,'HCUL','01','2020-09-07 10:04:55');
INSERT INTO enrollment VALUES (NULL,201901367,'HCUL','01','2020-09-07 10:05:05');
INSERT INTO enrollment VALUES (NULL,201703612,'HCUL','01','2020-09-07 10:05:31');
INSERT INTO enrollment VALUES (NULL,201802999,'HCUL','01','2020-09-07 10:05:37');
INSERT INTO enrollment VALUES (NULL,201703624,'HCUL','01','2020-09-07 10:06:11');
INSERT INTO enrollment VALUES (NULL,201703614,'HCUL','01','2020-09-07 10:06:25');
INSERT INTO enrollment VALUES (NULL,202003718,'HCUL','01','2020-09-07 10:08:15');
INSERT INTO enrollment VALUES (NULL,201901385,'HCUL','01','2020-09-07 10:09:05');
INSERT INTO enrollment VALUES (NULL,201901391,'HCUL','01','2020-09-07 10:09:15');
INSERT INTO enrollment VALUES (NULL,202003722,'HCUL','01','2020-09-07 10:09:25');
INSERT INTO enrollment VALUES (NULL,201802989,'HCUL','01','2020-09-07 10:09:35');
INSERT INTO enrollment VALUES (NULL,201802959,'HCUL','01','2020-09-07 10:09:55');
INSERT INTO enrollment VALUES (NULL,201703622,'HCUL','01','2020-09-07 10:10:05');
INSERT INTO enrollment VALUES (NULL,201703586,'HCUL','01','2020-09-07 10:10:15');
INSERT INTO enrollment VALUES (NULL,201802955,'HCUL','01','2020-09-07 10:11:25');
INSERT INTO enrollment VALUES (NULL,201703626,'HCUL','01','2020-09-07 10:11:37');
INSERT INTO enrollment VALUES (NULL,201703632,'HCUL','01','2020-09-07 10:11:57');
INSERT INTO enrollment VALUES (NULL,201802965,'HCUL','01','2020-09-07 10:12:05');
INSERT INTO enrollment VALUES (NULL,202003746,'HCUL','01','2020-09-07 10:12:15');
INSERT INTO enrollment VALUES (NULL,201901401,'HCUL','01','2020-09-07 10:12:45');
INSERT INTO enrollment VALUES (NULL,201703596,'HCUL','01','2020-09-07 10:13:05');
INSERT INTO enrollment VALUES (NULL,202003754,'HCUL','01','2020-09-07 10:13:45');
INSERT INTO enrollment VALUES (NULL,201901371,'HCUL','01','2020-09-07 10:14:05');
INSERT INTO enrollment VALUES (NULL,201802957,'HCUL','01','2020-09-07 10:14:47');
INSERT INTO enrollment VALUES (NULL,201802977,'HCUL','01','2020-09-07 10:15:15');
INSERT INTO enrollment VALUES (NULL,202003712,'HCUL','01','2020-09-07 10:15:25');
INSERT INTO enrollment VALUES (NULL,201802995,'HCUL','01','2020-09-07 10:15:35');
INSERT INTO enrollment VALUES (NULL,201901365,'HCUL','01','2020-09-07 10:16:45');
INSERT INTO enrollment VALUES (NULL,201901361,'HCUL','01','2020-09-07 10:16:55');
INSERT INTO enrollment VALUES (NULL,201703598,'HCUL','01','2020-09-07 10:17:45');
INSERT INTO enrollment VALUES (NULL,201901379,'HCUL','01','2020-09-07 10:18:25');
INSERT INTO enrollment VALUES (NULL,201901397,'HCUL','01','2020-09-07 10:18:35');
INSERT INTO enrollment VALUES (NULL,201802967,'HCUL','01','2020-09-07 10:18:45');
INSERT INTO enrollment VALUES (NULL,201703604,'HCUL','01','2020-09-07 10:19:35');
INSERT INTO enrollment VALUES (NULL,201802983,'HCUL','01','2020-09-07 10:19:55');
INSERT INTO enrollment VALUES (NULL,201703592,'HCUL','01','2020-09-07 10:20:15');
INSERT INTO enrollment VALUES (NULL,201703610,'HCUL','01','2020-09-07 10:21:15');
INSERT INTO enrollment VALUES (NULL,201703602,'HCUL','01','2020-09-07 10:21:25');
INSERT INTO enrollment VALUES (NULL,201802985,'HCUL','01','2020-09-07 10:22:35');
INSERT INTO enrollment VALUES (NULL,202003758,'HCUL','01','2020-09-07 10:22:45');
INSERT INTO enrollment VALUES (NULL,202003736,'HCUL','01','2020-09-07 10:22:55');
INSERT INTO enrollment VALUES (NULL,201703584,'HCUL','01','2020-09-07 10:23:55');
INSERT INTO enrollment VALUES (NULL,201703618,'HCUL','01','2020-09-07 10:24:11');
INSERT INTO enrollment VALUES (NULL,202003748,'HCUL','01','2020-09-07 10:24:15');
INSERT INTO enrollment VALUES (NULL,201802963,'HCUL','01','2020-09-07 10:24:27');
INSERT INTO enrollment VALUES (NULL,201703594,'HCUL','01','2020-09-07 10:24:47');
INSERT INTO enrollment VALUES (NULL,201802975,'HCUL','01','2020-09-07 10:25:07');
INSERT INTO enrollment VALUES (NULL,201703630,'HCUL','01','2020-09-07 10:26:01');
INSERT INTO enrollment VALUES (NULL,201901403,'HCUL','01','2020-09-07 10:26:05');
INSERT INTO enrollment VALUES (NULL,201703608,'HCUL','01','2020-09-07 10:26:15');
INSERT INTO enrollment VALUES (NULL,201703606,'HCUL','01','2020-09-07 10:26:51');
INSERT INTO enrollment VALUES (NULL,201703588,'HCUL','01','2020-09-07 10:27:47');
INSERT INTO enrollment VALUES (NULL,201802971,'HCUL','01','2020-09-07 10:28:05');
INSERT INTO enrollment VALUES (NULL,201802973,'HCUL','01','2020-09-07 10:28:15');
INSERT INTO enrollment VALUES (NULL,201703620,'HCUL','01','2020-09-07 10:29:05');
INSERT INTO enrollment VALUES (NULL,201703628,'HCUL','01','2020-09-07 10:30:21');
INSERT INTO enrollment VALUES (NULL,201703590,'HCUL','01','2020-09-07 10:30:55');
INSERT INTO enrollment VALUES (NULL,201901359,'HCUL','01','2020-09-07 10:31:17');
INSERT INTO enrollment VALUES (NULL,201901377,'HCUL','01','2020-09-07 10:31:45');
INSERT INTO enrollment VALUES (NULL,201802991,'HCUL','01','2020-09-07 10:31:55');
INSERT INTO enrollment VALUES (NULL,201802981,'HCUL','01','2020-09-07 10:32:27');
INSERT INTO enrollment VALUES (NULL,201802961,'HCUL','01','2020-09-07 10:32:35');
INSERT INTO enrollment VALUES (NULL,201901373,'HCUL','01','2020-09-07 10:32:55');
INSERT INTO enrollment VALUES (NULL,202003730,'HCUL','01','2020-09-07 10:33:05');
INSERT INTO enrollment VALUES (NULL,202003742,'HCUL','01','2020-09-07 10:33:15');
INSERT INTO enrollment VALUES (NULL,201901383,'HCUL','01','2020-09-07 10:34:25');
INSERT INTO enrollment VALUES (NULL,201802987,'HCUL','01','2020-09-07 10:34:57');
INSERT INTO enrollment VALUES (NULL,201703600,'HCUL','01','2020-09-07 10:35:21');
INSERT INTO enrollment VALUES (NULL,201703616,'HCUL','01','2020-09-07 10:35:45');
INSERT INTO enrollment VALUES (NULL,202003760,'HCUL','01','2020-09-07 10:35:55');
INSERT INTO enrollment VALUES (NULL,201802979,'HCUL','01','2020-09-07 10:36:35');
INSERT INTO enrollment VALUES (NULL,201901389,'HCUL','01','2020-09-07 10:36:55');
INSERT INTO enrollment VALUES (NULL,202003724,'INFBAS','01','2020-09-07 10:04:47');
INSERT INTO enrollment VALUES (NULL,201803001,'INFBAS','01','2020-09-07 10:04:57');
INSERT INTO enrollment VALUES (NULL,201901367,'INFBAS','01','2020-09-07 10:05:07');
INSERT INTO enrollment VALUES (NULL,201703614,'INFBAS','01','2020-09-07 10:06:27');
INSERT INTO enrollment VALUES (NULL,202003718,'INFBAS','01','2020-09-07 10:08:17');
INSERT INTO enrollment VALUES (NULL,201901385,'INFBAS','01','2020-09-07 10:09:07');
INSERT INTO enrollment VALUES (NULL,201901391,'INFBAS','01','2020-09-07 10:09:17');
INSERT INTO enrollment VALUES (NULL,201802989,'INFBAS','01','2020-09-07 10:09:37');
INSERT INTO enrollment VALUES (NULL,201802959,'INFBAS','01','2020-09-07 10:09:57');
INSERT INTO enrollment VALUES (NULL,201703622,'INFBAS','01','2020-09-07 10:10:03');
INSERT INTO enrollment VALUES (NULL,201703586,'INFBAS','01','2020-09-07 10:10:13');
INSERT INTO enrollment VALUES (NULL,201802955,'INFBAS','01','2020-09-07 10:11:23');
INSERT INTO enrollment VALUES (NULL,201703626,'INFBAS','01','2020-09-07 10:11:39');
INSERT INTO enrollment VALUES (NULL,201703632,'INFBAS','01','2020-09-07 10:11:59');
INSERT INTO enrollment VALUES (NULL,201802965,'INFBAS','01','2020-09-07 10:12:07');
INSERT INTO enrollment VALUES (NULL,201703596,'INFBAS','01','2020-09-07 10:13:07');
INSERT INTO enrollment VALUES (NULL,202003754,'INFBAS','01','2020-09-07 10:13:47');
INSERT INTO enrollment VALUES (NULL,201802977,'INFBAS','01','2020-09-07 10:15:17');
INSERT INTO enrollment VALUES (NULL,202003712,'INFBAS','01','2020-09-07 10:15:27');
INSERT INTO enrollment VALUES (NULL,201802995,'INFBAS','01','2020-09-07 10:15:37');
INSERT INTO enrollment VALUES (NULL,201901361,'INFBAS','01','2020-09-07 10:16:57');
INSERT INTO enrollment VALUES (NULL,201703598,'INFBAS','01','2020-09-07 10:17:43');
INSERT INTO enrollment VALUES (NULL,201901379,'INFBAS','01','2020-09-07 10:18:27');
INSERT INTO enrollment VALUES (NULL,201901397,'INFBAS','01','2020-09-07 10:18:37');
INSERT INTO enrollment VALUES (NULL,201802967,'INFBAS','01','2020-09-07 10:18:43');
INSERT INTO enrollment VALUES (NULL,201703604,'INFBAS','01','2020-09-07 10:19:33');
INSERT INTO enrollment VALUES (NULL,201802983,'INFBAS','01','2020-09-07 10:19:57');
INSERT INTO enrollment VALUES (NULL,201703592,'INFBAS','01','2020-09-07 10:20:13');
INSERT INTO enrollment VALUES (NULL,201703610,'INFBAS','01','2020-09-07 10:21:13');
INSERT INTO enrollment VALUES (NULL,201703602,'INFBAS','01','2020-09-07 10:21:27');
INSERT INTO enrollment VALUES (NULL,202003736,'INFBAS','01','2020-09-07 10:22:57');
INSERT INTO enrollment VALUES (NULL,201703584,'INFBAS','01','2020-09-07 10:23:57');
INSERT INTO enrollment VALUES (NULL,202003748,'INFBAS','01','2020-09-07 10:24:17');
INSERT INTO enrollment VALUES (NULL,201901403,'INFBAS','01','2020-09-07 10:26:07');
INSERT INTO enrollment VALUES (NULL,201703608,'INFBAS','01','2020-09-07 10:26:17');
INSERT INTO enrollment VALUES (NULL,201802971,'INFBAS','01','2020-09-07 10:28:07');
INSERT INTO enrollment VALUES (NULL,201703620,'INFBAS','01','2020-09-07 10:29:07');
INSERT INTO enrollment VALUES (NULL,201703628,'INFBAS','01','2020-09-07 10:30:19');
INSERT INTO enrollment VALUES (NULL,201703590,'INFBAS','01','2020-09-07 10:30:57');
INSERT INTO enrollment VALUES (NULL,201802961,'INFBAS','01','2020-09-07 10:32:33');
INSERT INTO enrollment VALUES (NULL,201901373,'INFBAS','01','2020-09-07 10:32:57');
INSERT INTO enrollment VALUES (NULL,202003730,'INFBAS','01','2020-09-07 10:33:07');
INSERT INTO enrollment VALUES (NULL,202003742,'INFBAS','01','2020-09-07 10:33:17');
INSERT INTO enrollment VALUES (NULL,201703616,'INFBAS','01','2020-09-07 10:35:43');
INSERT INTO enrollment VALUES (NULL,202003760,'INFBAS','01','2020-09-07 10:35:57');
INSERT INTO enrollment VALUES (NULL,201901395,'MECA1','01','2020-09-07 10:04:31');
INSERT INTO enrollment VALUES (NULL,202003752,'MECA1','01','2020-09-07 10:06:41');
INSERT INTO enrollment VALUES (NULL,201901390,'MECA1','01','2020-09-07 10:07:13');
INSERT INTO enrollment VALUES (NULL,201901370,'MECA1','01','2020-09-07 10:08:01');
INSERT INTO enrollment VALUES (NULL,202003715,'MECA1','01','2020-09-07 10:08:31');
INSERT INTO enrollment VALUES (NULL,202003722,'MECA1','01','2020-09-07 10:09:31');
INSERT INTO enrollment VALUES (NULL,201901394,'MECA1','01','2020-09-07 10:10:41');
INSERT INTO enrollment VALUES (NULL,202003747,'MECA1','01','2020-09-07 10:11:03');
INSERT INTO enrollment VALUES (NULL,201901402,'MECA1','01','2020-09-07 10:11:43');
INSERT INTO enrollment VALUES (NULL,202003746,'MECA1','01','2020-09-07 10:12:21');
INSERT INTO enrollment VALUES (NULL,201901360,'MECA1','01','2020-09-07 10:12:33');
INSERT INTO enrollment VALUES (NULL,201901401,'MECA1','01','2020-09-07 10:12:51');
INSERT INTO enrollment VALUES (NULL,202003739,'MECA1','01','2020-09-07 10:13:31');
INSERT INTO enrollment VALUES (NULL,202003727,'MECA1','01','2020-09-07 10:13:41');
INSERT INTO enrollment VALUES (NULL,202003711,'MECA1','01','2020-09-07 10:13:53');
INSERT INTO enrollment VALUES (NULL,201901371,'MECA1','01','2020-09-07 10:14:11');
INSERT INTO enrollment VALUES (NULL,201901376,'MECA1','01','2020-09-07 10:15:01');
INSERT INTO enrollment VALUES (NULL,201901358,'MECA1','01','2020-09-07 10:16:01');
INSERT INTO enrollment VALUES (NULL,201901366,'MECA1','01','2020-09-07 10:16:13');
INSERT INTO enrollment VALUES (NULL,201901388,'MECA1','01','2020-09-07 10:16:31');
INSERT INTO enrollment VALUES (NULL,201901365,'MECA1','01','2020-09-07 10:16:51');
INSERT INTO enrollment VALUES (NULL,202003728,'MECA1','01','2020-09-07 10:17:31');
INSERT INTO enrollment VALUES (NULL,202003723,'MECA1','01','2020-09-07 10:18:13');
INSERT INTO enrollment VALUES (NULL,201901400,'MECA1','01','2020-09-07 10:19:01');
INSERT INTO enrollment VALUES (NULL,202003716,'MECA1','01','2020-09-07 10:19:31');
INSERT INTO enrollment VALUES (NULL,202003745,'MECA1','01','2020-09-07 10:20:11');
INSERT INTO enrollment VALUES (NULL,202003740,'MECA1','01','2020-09-07 10:20:41');
INSERT INTO enrollment VALUES (NULL,202003721,'MECA1','01','2020-09-07 10:21:01');
INSERT INTO enrollment VALUES (NULL,202003753,'MECA1','01','2020-09-07 10:21:33');
INSERT INTO enrollment VALUES (NULL,202003717,'MECA1','01','2020-09-07 10:21:43');
INSERT INTO enrollment VALUES (NULL,202003729,'MECA1','01','2020-09-07 10:21:53');
INSERT INTO enrollment VALUES (NULL,201901406,'MECA1','01','2020-09-07 10:22:11');
INSERT INTO enrollment VALUES (NULL,201901384,'MECA1','01','2020-09-07 10:22:13');
INSERT INTO enrollment VALUES (NULL,202003758,'MECA1','01','2020-09-07 10:22:51');
INSERT INTO enrollment VALUES (NULL,202003751,'MECA1','01','2020-09-07 10:23:11');
INSERT INTO enrollment VALUES (NULL,201901372,'MECA1','01','2020-09-07 10:23:23');
INSERT INTO enrollment VALUES (NULL,201901382,'MECA1','01','2020-09-07 10:25:31');
INSERT INTO enrollment VALUES (NULL,202003757,'MECA1','01','2020-09-07 10:26:31');
INSERT INTO enrollment VALUES (NULL,202003733,'MECA1','01','2020-09-07 10:26:41');
INSERT INTO enrollment VALUES (NULL,202003759,'MECA1','01','2020-09-07 10:29:17');
INSERT INTO enrollment VALUES (NULL,202003741,'MECA1','01','2020-09-07 10:30:33');
INSERT INTO enrollment VALUES (NULL,201901359,'MECA1','01','2020-09-07 10:31:13');
INSERT INTO enrollment VALUES (NULL,201901396,'MECA1','01','2020-09-07 10:31:23');
INSERT INTO enrollment VALUES (NULL,202003734,'MECA1','01','2020-09-07 10:31:41');
INSERT INTO enrollment VALUES (NULL,201901377,'MECA1','01','2020-09-07 10:31:51');
INSERT INTO enrollment VALUES (NULL,201901407,'MECA1','01','2020-09-07 10:33:31');
INSERT INTO enrollment VALUES (NULL,202003735,'MECA1','01','2020-09-07 10:33:43');
INSERT INTO enrollment VALUES (NULL,201901378,'MECA1','01','2020-09-07 10:33:53');
INSERT INTO enrollment VALUES (NULL,201901383,'MECA1','01','2020-09-07 10:34:31');
INSERT INTO enrollment VALUES (NULL,201901364,'MECA1','01','2020-09-07 10:34:41');
INSERT INTO enrollment VALUES (NULL,201901389,'MECA1','01','2020-09-07 10:37:01');
INSERT INTO enrollment VALUES (NULL,201802976,'MECA2','01','2020-09-07 10:03:53');
INSERT INTO enrollment VALUES (NULL,201802988,'MECA2','01','2020-09-07 10:04:13');
INSERT INTO enrollment VALUES (NULL,201703612,'MECA2','01','2020-09-07 10:05:27');
INSERT INTO enrollment VALUES (NULL,201802999,'MECA2','01','2020-09-07 10:05:33');
INSERT INTO enrollment VALUES (NULL,201703589,'MECA2','01','2020-09-07 10:05:43');
INSERT INTO enrollment VALUES (NULL,201703624,'MECA2','01','2020-09-07 10:06:07');
INSERT INTO enrollment VALUES (NULL,201802969,'MECA2','01','2020-09-07 10:07:33');
INSERT INTO enrollment VALUES (NULL,201802970,'MECA2','01','2020-09-07 10:07:43');
INSERT INTO enrollment VALUES (NULL,201802986,'MECA2','01','2020-09-07 10:08:11');
INSERT INTO enrollment VALUES (NULL,201802994,'MECA2','01','2020-09-07 10:08:43');
INSERT INTO enrollment VALUES (NULL,201703623,'MECA2','01','2020-09-07 10:11:01');
INSERT INTO enrollment VALUES (NULL,201803000,'MECA2','01','2020-09-07 10:12:53');
INSERT INTO enrollment VALUES (NULL,201703625,'MECA2','01','2020-09-07 10:14:37');
INSERT INTO enrollment VALUES (NULL,201802957,'MECA2','01','2020-09-07 10:14:43');
INSERT INTO enrollment VALUES (NULL,201802956,'MECA2','01','2020-09-07 10:17:41');
INSERT INTO enrollment VALUES (NULL,201703605,'MECA2','01','2020-09-07 10:18:01');
INSERT INTO enrollment VALUES (NULL,201703613,'MECA2','01','2020-09-07 10:18:07');
INSERT INTO enrollment VALUES (NULL,201802993,'MECA2','01','2020-09-07 10:19:43');
INSERT INTO enrollment VALUES (NULL,201703599,'MECA2','01','2020-09-07 10:22:31');
INSERT INTO enrollment VALUES (NULL,201703618,'MECA2','01','2020-09-07 10:24:07');
INSERT INTO enrollment VALUES (NULL,201802963,'MECA2','01','2020-09-07 10:24:23');
INSERT INTO enrollment VALUES (NULL,201703611,'MECA2','01','2020-09-07 10:24:41');
INSERT INTO enrollment VALUES (NULL,201703594,'MECA2','01','2020-09-07 10:24:43');
INSERT INTO enrollment VALUES (NULL,201703595,'MECA2','01','2020-09-07 10:24:53');
INSERT INTO enrollment VALUES (NULL,201802975,'MECA2','01','2020-09-07 10:25:03');
INSERT INTO enrollment VALUES (NULL,201703587,'MECA2','01','2020-09-07 10:25:15');
INSERT INTO enrollment VALUES (NULL,201703630,'MECA2','01','2020-09-07 10:25:57');
INSERT INTO enrollment VALUES (NULL,201703606,'MECA2','01','2020-09-07 10:26:47');
INSERT INTO enrollment VALUES (NULL,201802980,'MECA2','01','2020-09-07 10:27:21');
INSERT INTO enrollment VALUES (NULL,201703601,'MECA2','01','2020-09-07 10:27:27');
INSERT INTO enrollment VALUES (NULL,201703588,'MECA2','01','2020-09-07 10:27:43');
INSERT INTO enrollment VALUES (NULL,201703619,'MECA2','01','2020-09-07 10:27:57');
INSERT INTO enrollment VALUES (NULL,201802982,'MECA2','01','2020-09-07 10:30:23');
INSERT INTO enrollment VALUES (NULL,201802998,'MECA2','01','2020-09-07 10:30:51');
INSERT INTO enrollment VALUES (NULL,201703631,'MECA2','01','2020-09-07 10:31:07');
INSERT INTO enrollment VALUES (NULL,201703607,'MECA2','01','2020-09-07 10:32:07');
INSERT INTO enrollment VALUES (NULL,201703629,'MECA2','01','2020-09-07 10:32:21');
INSERT INTO enrollment VALUES (NULL,201802981,'MECA2','01','2020-09-07 10:32:23');
INSERT INTO enrollment VALUES (NULL,201802958,'MECA2','01','2020-09-07 10:32:43');
INSERT INTO enrollment VALUES (NULL,201703617,'MECA2','01','2020-09-07 10:34:11');
INSERT INTO enrollment VALUES (NULL,201703593,'MECA2','01','2020-09-07 10:34:47');
INSERT INTO enrollment VALUES (NULL,201802987,'MECA2','01','2020-09-07 10:34:53');
INSERT INTO enrollment VALUES (NULL,201703600,'MECA2','01','2020-09-07 10:35:17');
INSERT INTO enrollment VALUES (NULL,201802992,'MECA2','01','2020-09-07 10:35:41');
INSERT INTO enrollment VALUES (NULL,201802964,'MECA2','01','2020-09-07 10:36:03');
INSERT INTO enrollment VALUES (NULL,201802962,'MECA2','01','2020-09-07 10:36:21');
INSERT INTO enrollment VALUES (NULL,201802974,'MECA2','01','2020-09-07 10:37:11');
INSERT INTO enrollment VALUES (NULL,201802968,'MECA2','01','2020-09-07 10:37:21');
INSERT INTO enrollment VALUES (NULL,202003750,'PROG1','01','2020-09-07 10:04:03');
INSERT INTO enrollment VALUES (NULL,202003724,'PROG1','02','2020-09-07 10:04:43');
INSERT INTO enrollment VALUES (NULL,201803001,'PROG1','02','2020-09-07 10:04:53');
INSERT INTO enrollment VALUES (NULL,201901367,'PROG1','02','2020-09-07 10:05:03');
INSERT INTO enrollment VALUES (NULL,201703614,'PROG1','02','2020-09-07 10:06:23');
INSERT INTO enrollment VALUES (NULL,201901399,'PROG1','01','2020-09-07 10:07:23');
INSERT INTO enrollment VALUES (NULL,201901370,'PROG1','01','2020-09-07 10:07:55');
INSERT INTO enrollment VALUES (NULL,201802986,'PROG1','01','2020-09-07 10:08:05');
INSERT INTO enrollment VALUES (NULL,202003718,'PROG1','02','2020-09-07 10:08:13');
INSERT INTO enrollment VALUES (NULL,202003715,'PROG1','01','2020-09-07 10:08:25');
INSERT INTO enrollment VALUES (NULL,201901387,'PROG1','01','2020-09-07 10:08:33');
INSERT INTO enrollment VALUES (NULL,201901385,'PROG1','02','2020-09-07 10:09:03');
INSERT INTO enrollment VALUES (NULL,201901391,'PROG1','02','2020-09-07 10:09:13');
INSERT INTO enrollment VALUES (NULL,201802989,'PROG1','02','2020-09-07 10:09:33');
INSERT INTO enrollment VALUES (NULL,201802959,'PROG1','02','2020-09-07 10:09:53');
INSERT INTO enrollment VALUES (NULL,201901394,'PROG1','01','2020-09-07 10:10:35');
INSERT INTO enrollment VALUES (NULL,201703623,'PROG1','01','2020-09-07 10:10:59');
INSERT INTO enrollment VALUES (NULL,201703626,'PROG1','02','2020-09-07 10:11:35');
INSERT INTO enrollment VALUES (NULL,201703632,'PROG1','02','2020-09-07 10:11:55');
INSERT INTO enrollment VALUES (NULL,201802965,'PROG1','02','2020-09-07 10:12:03');
INSERT INTO enrollment VALUES (NULL,202003756,'PROG1','01','2020-09-07 10:12:23');
INSERT INTO enrollment VALUES (NULL,201703596,'PROG1','02','2020-09-07 10:13:03');
INSERT INTO enrollment VALUES (NULL,202003714,'PROG1','01','2020-09-07 10:13:13');
INSERT INTO enrollment VALUES (NULL,202003739,'PROG1','01','2020-09-07 10:13:25');
INSERT INTO enrollment VALUES (NULL,202003727,'PROG1','01','2020-09-07 10:13:35');
INSERT INTO enrollment VALUES (NULL,202003754,'PROG1','02','2020-09-07 10:13:43');
INSERT INTO enrollment VALUES (NULL,201901376,'PROG1','01','2020-09-07 10:14:55');
INSERT INTO enrollment VALUES (NULL,201802977,'PROG1','02','2020-09-07 10:15:13');
INSERT INTO enrollment VALUES (NULL,202003712,'PROG1','02','2020-09-07 10:15:23');
INSERT INTO enrollment VALUES (NULL,201802995,'PROG1','02','2020-09-07 10:15:33');
INSERT INTO enrollment VALUES (NULL,201901358,'PROG1','01','2020-09-07 10:15:55');
INSERT INTO enrollment VALUES (NULL,201901375,'PROG1','01','2020-09-07 10:16:03');
INSERT INTO enrollment VALUES (NULL,201901388,'PROG1','01','2020-09-07 10:16:25');
INSERT INTO enrollment VALUES (NULL,201901361,'PROG1','02','2020-09-07 10:16:53');
INSERT INTO enrollment VALUES (NULL,201901381,'PROG1','01','2020-09-07 10:17:03');
INSERT INTO enrollment VALUES (NULL,201802956,'PROG1','01','2020-09-07 10:17:35');
INSERT INTO enrollment VALUES (NULL,201703605,'PROG1','01','2020-09-07 10:17:59');
INSERT INTO enrollment VALUES (NULL,201901379,'PROG1','02','2020-09-07 10:18:23');
INSERT INTO enrollment VALUES (NULL,201901397,'PROG1','02','2020-09-07 10:18:33');
INSERT INTO enrollment VALUES (NULL,201901400,'PROG1','01','2020-09-07 10:18:55');
INSERT INTO enrollment VALUES (NULL,201802997,'PROG1','01','2020-09-07 10:19:03');
INSERT INTO enrollment VALUES (NULL,201802983,'PROG1','02','2020-09-07 10:19:53');
INSERT INTO enrollment VALUES (NULL,202003745,'PROG1','01','2020-09-07 10:20:05');
INSERT INTO enrollment VALUES (NULL,202003721,'PROG1','01','2020-09-07 10:20:55');
INSERT INTO enrollment VALUES (NULL,202003732,'PROG1','01','2020-09-07 10:21:03');
INSERT INTO enrollment VALUES (NULL,201703602,'PROG1','02','2020-09-07 10:21:23');
INSERT INTO enrollment VALUES (NULL,201901406,'PROG1','01','2020-09-07 10:22:05');
INSERT INTO enrollment VALUES (NULL,201703599,'PROG1','01','2020-09-07 10:22:25');
INSERT INTO enrollment VALUES (NULL,201802985,'PROG1','01','2020-09-07 10:22:37');
INSERT INTO enrollment VALUES (NULL,202003736,'PROG1','02','2020-09-07 10:22:53');
INSERT INTO enrollment VALUES (NULL,202003751,'PROG1','01','2020-09-07 10:23:05');
INSERT INTO enrollment VALUES (NULL,201901363,'PROG1','01','2020-09-07 10:23:13');
INSERT INTO enrollment VALUES (NULL,201901393,'PROG1','01','2020-09-07 10:23:33');
INSERT INTO enrollment VALUES (NULL,201703584,'PROG1','02','2020-09-07 10:23:53');
INSERT INTO enrollment VALUES (NULL,202003748,'PROG1','02','2020-09-07 10:24:13');
INSERT INTO enrollment VALUES (NULL,201703611,'PROG1','01','2020-09-07 10:24:39');
INSERT INTO enrollment VALUES (NULL,201703587,'PROG1','01','2020-09-07 10:25:17');
INSERT INTO enrollment VALUES (NULL,201901382,'PROG1','01','2020-09-07 10:25:25');
INSERT INTO enrollment VALUES (NULL,202003744,'PROG1','01','2020-09-07 10:25:43');
INSERT INTO enrollment VALUES (NULL,201901403,'PROG1','02','2020-09-07 10:26:03');
INSERT INTO enrollment VALUES (NULL,201703608,'PROG1','02','2020-09-07 10:26:13');
INSERT INTO enrollment VALUES (NULL,202003757,'PROG1','01','2020-09-07 10:26:25');
INSERT INTO enrollment VALUES (NULL,202003733,'PROG1','01','2020-09-07 10:26:35');
INSERT INTO enrollment VALUES (NULL,201802980,'PROG1','01','2020-09-07 10:27:15');
INSERT INTO enrollment VALUES (NULL,201802971,'PROG1','02','2020-09-07 10:28:03');
INSERT INTO enrollment VALUES (NULL,201802973,'PROG1','01','2020-09-07 10:28:13');
INSERT INTO enrollment VALUES (NULL,202003738,'PROG1','01','2020-09-07 10:28:53');
INSERT INTO enrollment VALUES (NULL,201703620,'PROG1','02','2020-09-07 10:29:03');
INSERT INTO enrollment VALUES (NULL,201803003,'PROG1','01','2020-09-07 10:29:23');
INSERT INTO enrollment VALUES (NULL,201901369,'PROG1','01','2020-09-07 10:29:33');
INSERT INTO enrollment VALUES (NULL,201901405,'PROG1','01','2020-09-07 10:29:43');
INSERT INTO enrollment VALUES (NULL,202003720,'PROG1','01','2020-09-07 10:29:53');
INSERT INTO enrollment VALUES (NULL,201802998,'PROG1','01','2020-09-07 10:30:45');
INSERT INTO enrollment VALUES (NULL,201703590,'PROG1','02','2020-09-07 10:30:53');
INSERT INTO enrollment VALUES (NULL,201802991,'PROG1','01','2020-09-07 10:31:57');
INSERT INTO enrollment VALUES (NULL,201703629,'PROG1','01','2020-09-07 10:32:19');
INSERT INTO enrollment VALUES (NULL,201901373,'PROG1','02','2020-09-07 10:32:53');
INSERT INTO enrollment VALUES (NULL,202003730,'PROG1','02','2020-09-07 10:33:03');
INSERT INTO enrollment VALUES (NULL,202003742,'PROG1','02','2020-09-07 10:33:13');
INSERT INTO enrollment VALUES (NULL,202003726,'PROG1','01','2020-09-07 10:33:33');
INSERT INTO enrollment VALUES (NULL,201703617,'PROG1','01','2020-09-07 10:34:09');
INSERT INTO enrollment VALUES (NULL,201901364,'PROG1','01','2020-09-07 10:34:35');
INSERT INTO enrollment VALUES (NULL,201703593,'PROG1','01','2020-09-07 10:34:45');
INSERT INTO enrollment VALUES (NULL,202003762,'PROG1','01','2020-09-07 10:35:03');
INSERT INTO enrollment VALUES (NULL,201802992,'PROG1','01','2020-09-07 10:35:35');
INSERT INTO enrollment VALUES (NULL,202003760,'PROG1','02','2020-09-07 10:35:53');
INSERT INTO enrollment VALUES (NULL,201802962,'PROG1','01','2020-09-07 10:36:15');
INSERT INTO enrollment VALUES (NULL,201802979,'PROG1','01','2020-09-07 10:36:37');
INSERT INTO enrollment VALUES (NULL,201802974,'PROG1','01','2020-09-07 10:37:05');
INSERT INTO enrollment VALUES (NULL,201802968,'PROG1','01','2020-09-07 10:37:15');
INSERT INTO enrollment VALUES (NULL,201802976,'SIBD','03','2020-09-07 10:03:55');
INSERT INTO enrollment VALUES (NULL,201802988,'SIBD','03','2020-09-07 10:04:15');
INSERT INTO enrollment VALUES (NULL,201901395,'SIBD','02','2020-09-07 10:04:23');
INSERT INTO enrollment VALUES (NULL,201703612,'SIBD','02','2020-09-07 10:05:29');
INSERT INTO enrollment VALUES (NULL,201802999,'SIBD','03','2020-09-07 10:05:35');
INSERT INTO enrollment VALUES (NULL,201703589,'SIBD','03','2020-09-07 10:05:45');
INSERT INTO enrollment VALUES (NULL,201703624,'SIBD','03','2020-09-07 10:06:09');
INSERT INTO enrollment VALUES (NULL,201703614,'SIBD','02','2020-09-07 10:06:29');
INSERT INTO enrollment VALUES (NULL,202003752,'SIBD','03','2020-09-07 10:06:33');
INSERT INTO enrollment VALUES (NULL,201901390,'SIBD','02','2020-09-07 10:07:15');
INSERT INTO enrollment VALUES (NULL,201802969,'SIBD','03','2020-09-07 10:07:35');
INSERT INTO enrollment VALUES (NULL,201802970,'SIBD','03','2020-09-07 10:07:45');
INSERT INTO enrollment VALUES (NULL,201802994,'SIBD','03','2020-09-07 10:08:45');
INSERT INTO enrollment VALUES (NULL,202003722,'SIBD','02','2020-09-07 10:09:23');
INSERT INTO enrollment VALUES (NULL,202003747,'SIBD','02','2020-09-07 10:11:05');
INSERT INTO enrollment VALUES (NULL,201703626,'SIBD','02','2020-09-07 10:11:41');
INSERT INTO enrollment VALUES (NULL,201901402,'SIBD','02','2020-09-07 10:11:45');
INSERT INTO enrollment VALUES (NULL,201703632,'SIBD','02','2020-09-07 10:12:01');
INSERT INTO enrollment VALUES (NULL,202003746,'SIBD','02','2020-09-07 10:12:13');
INSERT INTO enrollment VALUES (NULL,201901360,'SIBD','03','2020-09-07 10:12:35');
INSERT INTO enrollment VALUES (NULL,201901401,'SIBD','03','2020-09-07 10:12:43');
INSERT INTO enrollment VALUES (NULL,201803000,'SIBD','03','2020-09-07 10:12:55');
INSERT INTO enrollment VALUES (NULL,201703596,'SIBD','02','2020-09-07 10:13:09');
INSERT INTO enrollment VALUES (NULL,202003711,'SIBD','02','2020-09-07 10:13:55');
INSERT INTO enrollment VALUES (NULL,201901371,'SIBD','02','2020-09-07 10:14:03');
INSERT INTO enrollment VALUES (NULL,201703625,'SIBD','03','2020-09-07 10:14:39');
INSERT INTO enrollment VALUES (NULL,201802957,'SIBD','02','2020-09-07 10:14:45');
INSERT INTO enrollment VALUES (NULL,201901366,'SIBD','02','2020-09-07 10:16:15');
INSERT INTO enrollment VALUES (NULL,201901365,'SIBD','03','2020-09-07 10:16:43');
INSERT INTO enrollment VALUES (NULL,202003728,'SIBD','03','2020-09-07 10:17:23');
INSERT INTO enrollment VALUES (NULL,201703613,'SIBD','03','2020-09-07 10:18:09');
INSERT INTO enrollment VALUES (NULL,202003723,'SIBD','02','2020-09-07 10:18:15');
INSERT INTO enrollment VALUES (NULL,202003716,'SIBD','03','2020-09-07 10:19:23');
INSERT INTO enrollment VALUES (NULL,201802993,'SIBD','02','2020-09-07 10:19:45');
INSERT INTO enrollment VALUES (NULL,202003740,'SIBD','03','2020-09-07 10:20:33');
INSERT INTO enrollment VALUES (NULL,201703602,'SIBD','03','2020-09-07 10:21:29');
INSERT INTO enrollment VALUES (NULL,202003753,'SIBD','02','2020-09-07 10:21:35');
INSERT INTO enrollment VALUES (NULL,202003717,'SIBD','02','2020-09-07 10:21:45');
INSERT INTO enrollment VALUES (NULL,202003729,'SIBD','02','2020-09-07 10:21:55');
INSERT INTO enrollment VALUES (NULL,201901384,'SIBD','02','2020-09-07 10:22:15');
INSERT INTO enrollment VALUES (NULL,202003758,'SIBD','03','2020-09-07 10:22:43');
INSERT INTO enrollment VALUES (NULL,201901372,'SIBD','02','2020-09-07 10:23:25');
INSERT INTO enrollment VALUES (NULL,201703584,'SIBD','02','2020-09-07 10:23:59');
INSERT INTO enrollment VALUES (NULL,201703618,'SIBD','03','2020-09-07 10:24:09');
INSERT INTO enrollment VALUES (NULL,201802963,'SIBD','02','2020-09-07 10:24:25');
INSERT INTO enrollment VALUES (NULL,201703594,'SIBD','03','2020-09-07 10:24:45');
INSERT INTO enrollment VALUES (NULL,201703595,'SIBD','03','2020-09-07 10:24:59');
INSERT INTO enrollment VALUES (NULL,201802975,'SIBD','03','2020-09-07 10:25:05');
INSERT INTO enrollment VALUES (NULL,201703630,'SIBD','02','2020-09-07 10:25:59');
INSERT INTO enrollment VALUES (NULL,201703608,'SIBD','03','2020-09-07 10:26:19');
INSERT INTO enrollment VALUES (NULL,201703606,'SIBD','02','2020-09-07 10:26:49');
INSERT INTO enrollment VALUES (NULL,201703601,'SIBD','03','2020-09-07 10:27:29');
INSERT INTO enrollment VALUES (NULL,201703588,'SIBD','02','2020-09-07 10:27:45');
INSERT INTO enrollment VALUES (NULL,201703619,'SIBD','03','2020-09-07 10:27:59');
INSERT INTO enrollment VALUES (NULL,201703620,'SIBD','03','2020-09-07 10:29:09');
INSERT INTO enrollment VALUES (NULL,202003759,'SIBD','02','2020-09-07 10:29:13');
INSERT INTO enrollment VALUES (NULL,201802982,'SIBD','03','2020-09-07 10:30:25');
INSERT INTO enrollment VALUES (NULL,202003741,'SIBD','02','2020-09-07 10:30:35');
INSERT INTO enrollment VALUES (NULL,201703590,'SIBD','02','2020-09-07 10:30:59');
INSERT INTO enrollment VALUES (NULL,201703631,'SIBD','03','2020-09-07 10:31:09');
INSERT INTO enrollment VALUES (NULL,201901359,'SIBD','02','2020-09-07 10:31:15');
INSERT INTO enrollment VALUES (NULL,201901396,'SIBD','02','2020-09-07 10:31:25');
INSERT INTO enrollment VALUES (NULL,202003734,'SIBD','03','2020-09-07 10:31:33');
INSERT INTO enrollment VALUES (NULL,201901377,'SIBD','03','2020-09-07 10:31:43');
INSERT INTO enrollment VALUES (NULL,201703607,'SIBD','03','2020-09-07 10:32:09');
INSERT INTO enrollment VALUES (NULL,201802981,'SIBD','02','2020-09-07 10:32:25');
INSERT INTO enrollment VALUES (NULL,201802958,'SIBD','03','2020-09-07 10:32:45');
INSERT INTO enrollment VALUES (NULL,201901407,'SIBD','03','2020-09-07 10:33:23');
INSERT INTO enrollment VALUES (NULL,202003735,'SIBD','02','2020-09-07 10:33:45');
INSERT INTO enrollment VALUES (NULL,201901378,'SIBD','02','2020-09-07 10:33:55');
INSERT INTO enrollment VALUES (NULL,201901383,'SIBD','02','2020-09-07 10:34:23');
INSERT INTO enrollment VALUES (NULL,201802987,'SIBD','02','2020-09-07 10:34:55');
INSERT INTO enrollment VALUES (NULL,201703600,'SIBD','02','2020-09-07 10:35:19');
INSERT INTO enrollment VALUES (NULL,201802964,'SIBD','03','2020-09-07 10:36:05');
INSERT INTO enrollment VALUES (NULL,201901389,'SIBD','03','2020-09-07 10:36:53');

INSERT INTO occurrence VALUES ('INFBAS','01',1,'EAD','2020-09-28 09:00:00','2020-09-28 11:00:00',123457);
INSERT INTO occurrence VALUES ('INFBAS','01',2,'B101','2020-09-30 14:00:00','2020-09-30 16:00:00',123457);
INSERT INTO occurrence VALUES ('INFBAS','01',3,'EAD','2020-10-05 09:00:00','2020-10-05 11:00:00',123457);
INSERT INTO occurrence VALUES ('INFBAS','01',4,'B101','2020-10-07 14:00:00','2020-10-07 16:00:00',123457);
INSERT INTO occurrence VALUES ('INFBAS','01',5,'EAD','2020-10-12 09:00:00','2020-10-12 11:00:00',123457);
INSERT INTO occurrence VALUES ('INFBAS','01',6,'B101','2020-10-14 14:00:00','2020-10-14 16:00:00',123457);
INSERT INTO occurrence VALUES ('INFBAS','01',7,'EAD','2020-10-19 09:00:00','2020-10-19 11:00:00',123457);
INSERT INTO occurrence VALUES ('INFBAS','01',8,'B101','2020-10-21 14:00:00','2020-10-21 16:00:00',123457);
INSERT INTO occurrence VALUES ('INFBAS','01',9,'EAD','2020-10-26 09:00:00','2020-10-26 11:00:00',123457);
INSERT INTO occurrence VALUES ('INFBAS','01',10,'B101','2020-10-28 14:00:00','2020-10-28 16:00:00',123457);
INSERT INTO occurrence VALUES ('INFBAS','01',11,'EAD','2020-11-02 09:00:00','2020-11-02 11:00:00',123457);
INSERT INTO occurrence VALUES ('INFBAS','01',12,'B101','2020-11-04 14:00:00','2020-11-04 16:00:00',123457);
INSERT INTO occurrence VALUES ('INFBAS','01',13,'EAD','2020-11-09 09:00:00','2020-11-09 11:00:00',123457);
INSERT INTO occurrence VALUES ('INFBAS','01',14,'B101','2020-11-11 14:00:00','2020-11-11 16:00:00',123457);
INSERT INTO occurrence VALUES ('INFBAS','01',15,'EAD','2020-11-16 09:00:00','2020-11-16 11:00:00',123457);
INSERT INTO occurrence VALUES ('INFBAS','01',16,'B101','2020-11-18 14:00:00','2020-11-18 16:00:00',123457);
INSERT INTO occurrence VALUES ('INFBAS','01',17,'EAD','2020-11-23 09:00:00','2020-11-23 11:00:00',123457);
INSERT INTO occurrence VALUES ('INFBAS','01',18,'B101','2020-11-25 14:00:00','2020-11-25 16:00:00',123457);
INSERT INTO occurrence VALUES ('INFBAS','01',19,'EAD','2020-11-30 09:00:00','2020-11-30 11:00:00',123457);
INSERT INTO occurrence VALUES ('INFBAS','01',20,'B101','2020-12-02 14:00:00','2020-12-02 16:00:00',123457);
INSERT INTO occurrence VALUES ('INFBAS','01',21,'EAD','2020-12-07 09:00:00','2020-12-07 11:00:00',123457);
INSERT INTO occurrence VALUES ('INFBAS','01',22,'B101','2020-12-09 14:00:00','2020-12-09 16:00:00',123457);
INSERT INTO occurrence VALUES ('INFBAS','01',23,'EAD','2020-12-14 09:00:00','2020-12-14 11:00:00',123457);
INSERT INTO occurrence VALUES ('INFBAS','01',24,'B101','2020-12-16 14:00:00','2020-12-16 16:00:00',123457);

INSERT INTO occurrence VALUES ('INFBAS','02',1,'EAD','2020-09-28 09:00:00','2020-09-28 11:00:00',123457);
INSERT INTO occurrence VALUES ('INFBAS','02',2,'B101','2020-09-30 16:00:00','2020-09-30 18:00:00',123457);
INSERT INTO occurrence VALUES ('INFBAS','02',3,'EAD','2020-10-05 09:00:00','2020-10-05 11:00:00',123457);
INSERT INTO occurrence VALUES ('INFBAS','02',4,'B101','2020-10-07 16:00:00','2020-10-07 18:00:00',123457);
INSERT INTO occurrence VALUES ('INFBAS','02',5,'EAD','2020-10-12 09:00:00','2020-10-12 11:00:00',123457);
INSERT INTO occurrence VALUES ('INFBAS','02',6,'B101','2020-10-14 16:00:00','2020-10-14 18:00:00',123457);
INSERT INTO occurrence VALUES ('INFBAS','02',7,'EAD','2020-10-19 09:00:00','2020-10-19 11:00:00',123457);
INSERT INTO occurrence VALUES ('INFBAS','02',8,'B101','2020-10-21 16:00:00','2020-10-21 18:00:00',123457);
INSERT INTO occurrence VALUES ('INFBAS','02',9,'EAD','2020-10-26 09:00:00','2020-10-26 11:00:00',123457);
INSERT INTO occurrence VALUES ('INFBAS','02',10,'B101','2020-10-28 16:00:00','2020-10-28 18:00:00',123457);
INSERT INTO occurrence VALUES ('INFBAS','02',11,'EAD','2020-11-02 09:00:00','2020-11-02 11:00:00',123457);
INSERT INTO occurrence VALUES ('INFBAS','02',12,'B101','2020-11-04 16:00:00','2020-11-04 18:00:00',123457);
INSERT INTO occurrence VALUES ('INFBAS','02',13,'EAD','2020-11-09 09:00:00','2020-11-09 11:00:00',123457);
INSERT INTO occurrence VALUES ('INFBAS','02',14,'B101','2020-11-11 16:00:00','2020-11-11 18:00:00',123457);
INSERT INTO occurrence VALUES ('INFBAS','02',15,'EAD','2020-11-16 09:00:00','2020-11-16 11:00:00',123457);
INSERT INTO occurrence VALUES ('INFBAS','02',16,'B101','2020-11-18 16:00:00','2020-11-18 18:00:00',123457);
INSERT INTO occurrence VALUES ('INFBAS','02',17,'EAD','2020-11-23 09:00:00','2020-11-23 11:00:00',123457);
INSERT INTO occurrence VALUES ('INFBAS','02',18,'B101','2020-11-25 16:00:00','2020-11-25 18:00:00',123457);
INSERT INTO occurrence VALUES ('INFBAS','02',19,'EAD','2020-11-30 09:00:00','2020-11-30 11:00:00',123457);
INSERT INTO occurrence VALUES ('INFBAS','02',20,'B101','2020-12-02 16:00:00','2020-12-02 18:00:00',123457);
INSERT INTO occurrence VALUES ('INFBAS','02',21,'EAD','2020-12-07 09:00:00','2020-12-07 11:00:00',123457);
INSERT INTO occurrence VALUES ('INFBAS','02',22,'B101','2020-12-09 16:00:00','2020-12-09 18:00:00',123457);
INSERT INTO occurrence VALUES ('INFBAS','02',23,'EAD','2020-12-14 09:00:00','2020-12-14 11:00:00',123457);
INSERT INTO occurrence VALUES ('INFBAS','02',24,'B101','2020-12-16 16:00:00','2020-12-16 18:00:00',123457);

INSERT INTO occurrence VALUES ('ALGE','01',1,'B202','2020-09-29 08:30:00','2020-09-29 11:00:00',123457);
INSERT INTO occurrence VALUES ('ALGE','01',2,'B102','2020-09-30 12:00:00','2020-09-30 13:30:00',123457);
INSERT INTO occurrence VALUES ('ALGE','01',3,'B202','2020-10-06 08:30:00','2020-10-06 11:00:00',123457);
INSERT INTO occurrence VALUES ('ALGE','01',4,'B102','2020-10-07 12:00:00','2020-10-07 13:30:00',123457);
INSERT INTO occurrence VALUES ('ALGE','01',5,'B202','2020-10-13 08:30:00','2020-10-13 11:00:00',123457);
INSERT INTO occurrence VALUES ('ALGE','01',6,'B102','2020-10-14 12:00:00','2020-10-14 13:30:00',123457);
INSERT INTO occurrence VALUES ('ALGE','01',7,'B202','2020-10-20 08:30:00','2020-10-20 11:00:00',123457);
INSERT INTO occurrence VALUES ('ALGE','01',8,'B102','2020-10-21 12:00:00','2020-10-21 13:30:00',123457);
INSERT INTO occurrence VALUES ('ALGE','01',9,'B202','2020-10-27 08:30:00','2020-10-27 11:00:00',123457);
INSERT INTO occurrence VALUES ('ALGE','01',10,'B102','2020-10-28 12:00:00','2020-10-28 13:30:00',123457);
INSERT INTO occurrence VALUES ('ALGE','01',11,'B202','2020-11-03 08:30:00','2020-11-03 11:00:00',123457);
INSERT INTO occurrence VALUES ('ALGE','01',12,'B102','2020-11-04 12:00:00','2020-11-04 13:30:00',123457);
INSERT INTO occurrence VALUES ('ALGE','01',13,'B202','2020-11-10 08:30:00','2020-11-10 11:00:00',123457);
INSERT INTO occurrence VALUES ('ALGE','01',14,'B102','2020-11-11 12:00:00','2020-11-11 13:30:00',123457);
INSERT INTO occurrence VALUES ('ALGE','01',15,'B202','2020-11-17 08:30:00','2020-11-17 11:00:00',123457);
INSERT INTO occurrence VALUES ('ALGE','01',16,'B102','2020-11-18 12:00:00','2020-11-18 13:30:00',123457);
INSERT INTO occurrence VALUES ('ALGE','01',17,'B202','2020-11-24 08:30:00','2020-11-24 11:00:00',123457);
INSERT INTO occurrence VALUES ('ALGE','01',18,'B102','2020-11-25 12:00:00','2020-11-25 13:30:00',123457);
INSERT INTO occurrence VALUES ('ALGE','01',19,'B202','2020-12-01 08:30:00','2020-12-01 11:00:00',123457);
INSERT INTO occurrence VALUES ('ALGE','01',20,'B102','2020-12-02 12:00:00','2020-12-02 13:30:00',123457);
INSERT INTO occurrence VALUES ('ALGE','01',21,'B202','2020-12-08 08:30:00','2020-12-08 11:00:00',123457);
INSERT INTO occurrence VALUES ('ALGE','01',22,'B102','2020-12-09 12:00:00','2020-12-09 13:30:00',123457);
INSERT INTO occurrence VALUES ('ALGE','01',23,'B202','2020-12-15 08:30:00','2020-12-15 11:00:00',123457);
INSERT INTO occurrence VALUES ('ALGE','01',24,'B102','2020-12-16 12:00:00','2020-12-16 13:30:00',123457);

INSERT INTO occurrence VALUES ('ALGE','02',1,'A101','2020-09-30 08:30:00','2020-09-30 11:00:00',123457);
INSERT INTO occurrence VALUES ('ALGE','02',2,'A102','2020-10-02 12:00:00','2020-10-02 13:30:00',123457);
INSERT INTO occurrence VALUES ('ALGE','02',3,'A101','2020-10-07 08:30:00','2020-10-07 11:00:00',123457);
INSERT INTO occurrence VALUES ('ALGE','02',4,'A102','2020-10-09 12:00:00','2020-10-09 13:30:00',123457);
INSERT INTO occurrence VALUES ('ALGE','02',5,'A101','2020-10-14 08:30:00','2020-10-14 11:00:00',123457);
INSERT INTO occurrence VALUES ('ALGE','02',6,'A102','2020-10-16 12:00:00','2020-10-16 13:30:00',123457);
INSERT INTO occurrence VALUES ('ALGE','02',7,'A101','2020-10-21 08:30:00','2020-10-21 11:00:00',123457);
INSERT INTO occurrence VALUES ('ALGE','02',8,'A102','2020-10-23 12:00:00','2020-10-23 13:30:00',123457);
INSERT INTO occurrence VALUES ('ALGE','02',9,'A101','2020-10-28 08:30:00','2020-10-28 11:00:00',123457);
INSERT INTO occurrence VALUES ('ALGE','02',10,'A102','2020-10-30 12:00:00','2020-10-30 13:30:00',123457);
INSERT INTO occurrence VALUES ('ALGE','02',11,'A101','2020-11-04 08:30:00','2020-11-04 11:00:00',123457);
INSERT INTO occurrence VALUES ('ALGE','02',12,'A102','2020-11-06 12:00:00','2020-11-06 13:30:00',123457);
INSERT INTO occurrence VALUES ('ALGE','02',13,'A101','2020-11-11 08:30:00','2020-11-11 11:00:00',123457);
INSERT INTO occurrence VALUES ('ALGE','02',14,'A102','2020-11-13 12:00:00','2020-11-13 13:30:00',123457);
INSERT INTO occurrence VALUES ('ALGE','02',15,'A101','2020-11-18 08:30:00','2020-11-18 11:00:00',123457);
INSERT INTO occurrence VALUES ('ALGE','02',16,'A102','2020-11-20 12:00:00','2020-11-20 13:30:00',123457);
INSERT INTO occurrence VALUES ('ALGE','02',17,'A101','2020-11-25 08:30:00','2020-11-25 11:00:00',123457);
INSERT INTO occurrence VALUES ('ALGE','02',18,'A102','2020-11-27 12:00:00','2020-11-27 13:30:00',123457);
INSERT INTO occurrence VALUES ('ALGE','02',19,'A101','2020-12-02 08:30:00','2020-12-02 11:00:00',123457);
INSERT INTO occurrence VALUES ('ALGE','02',20,'A102','2020-12-04 12:00:00','2020-12-04 13:30:00',123457);
INSERT INTO occurrence VALUES ('ALGE','02',21,'A101','2020-12-09 08:30:00','2020-12-09 11:00:00',123457);
INSERT INTO occurrence VALUES ('ALGE','02',22,'A102','2020-12-11 12:00:00','2020-12-11 13:30:00',123457);
INSERT INTO occurrence VALUES ('ALGE','02',23,'A101','2020-12-16 08:30:00','2020-12-16 11:00:00',123457);
INSERT INTO occurrence VALUES ('ALGE','02',24,'A102','2020-12-18 12:00:00','2020-12-18 13:30:00',123457);

INSERT INTO occurrence VALUES ('PROG1','01',1,'A102','2020-09-28 10:00:00','2020-09-28 12:00:00',656730);
INSERT INTO occurrence VALUES ('PROG1','01',2,'A103','2020-10-01 14:00:00','2020-10-01 16:00:00',656730);
INSERT INTO occurrence VALUES ('PROG1','01',3,'A102','2020-10-05 10:00:00','2020-10-05 12:00:00',656730);
INSERT INTO occurrence VALUES ('PROG1','01',4,'A103','2020-10-08 14:00:00','2020-10-08 16:00:00',656730);
INSERT INTO occurrence VALUES ('PROG1','01',5,'A102','2020-10-12 10:00:00','2020-10-12 12:00:00',656730);
INSERT INTO occurrence VALUES ('PROG1','01',6,'A103','2020-10-15 14:00:00','2020-10-15 16:00:00',656730);
INSERT INTO occurrence VALUES ('PROG1','01',7,'A102','2020-10-19 10:00:00','2020-10-19 12:00:00',656730);
INSERT INTO occurrence VALUES ('PROG1','01',8,'A103','2020-10-22 14:00:00','2020-10-22 16:00:00',656730);
INSERT INTO occurrence VALUES ('PROG1','01',9,'A102','2020-10-26 10:00:00','2020-10-26 12:00:00',656730);
INSERT INTO occurrence VALUES ('PROG1','01',10,'A103','2020-10-29 14:00:00','2020-10-29 16:00:00',656730);
INSERT INTO occurrence VALUES ('PROG1','01',11,'A102','2020-11-02 10:00:00','2020-11-02 12:00:00',656730);
INSERT INTO occurrence VALUES ('PROG1','01',12,'A103','2020-11-05 14:00:00','2020-11-05 16:00:00',656730);
INSERT INTO occurrence VALUES ('PROG1','01',13,'A102','2020-11-09 10:00:00','2020-11-09 12:00:00',656730);
INSERT INTO occurrence VALUES ('PROG1','01',14,'A103','2020-11-12 14:00:00','2020-11-12 16:00:00',656730);
INSERT INTO occurrence VALUES ('PROG1','01',15,'A102','2020-11-16 10:00:00','2020-11-16 12:00:00',656730);
INSERT INTO occurrence VALUES ('PROG1','01',16,'A103','2020-11-19 14:00:00','2020-11-19 16:00:00',656730);
INSERT INTO occurrence VALUES ('PROG1','01',17,'A102','2020-11-23 10:00:00','2020-11-23 12:00:00',656730);
INSERT INTO occurrence VALUES ('PROG1','01',18,'A103','2020-11-26 14:00:00','2020-11-26 16:00:00',656730);
INSERT INTO occurrence VALUES ('PROG1','01',19,'A102','2020-11-30 10:00:00','2020-11-30 12:00:00',656730);
INSERT INTO occurrence VALUES ('PROG1','01',20,'A103','2020-12-03 14:00:00','2020-12-03 16:00:00',656730);
INSERT INTO occurrence VALUES ('PROG1','01',21,'A102','2020-12-07 10:00:00','2020-12-07 12:00:00',656730);
INSERT INTO occurrence VALUES ('PROG1','01',22,'A103','2020-12-10 14:00:00','2020-12-10 16:00:00',656730);
INSERT INTO occurrence VALUES ('PROG1','01',23,'A102','2020-12-14 10:00:00','2020-12-14 12:00:00',656730);
INSERT INTO occurrence VALUES ('PROG1','01',24,'A103','2020-12-17 14:00:00','2020-12-17 16:00:00',656730);

INSERT INTO occurrence VALUES ('PROG1','02',1,'A102','2020-09-28 12:00:00','2020-09-28 14:00:00',656730);
INSERT INTO occurrence VALUES ('PROG1','02',2,'B201','2020-10-01 16:00:00','2020-10-01 18:00:00',656730);
INSERT INTO occurrence VALUES ('PROG1','02',3,'A102','2020-10-05 12:00:00','2020-10-05 14:00:00',656730);
INSERT INTO occurrence VALUES ('PROG1','02',4,'B201','2020-10-08 16:00:00','2020-10-08 18:00:00',656730);
INSERT INTO occurrence VALUES ('PROG1','02',5,'A102','2020-10-12 12:00:00','2020-10-12 14:00:00',656730);
INSERT INTO occurrence VALUES ('PROG1','02',6,'B201','2020-10-15 16:00:00','2020-10-15 18:00:00',656730);
INSERT INTO occurrence VALUES ('PROG1','02',7,'A102','2020-10-19 12:00:00','2020-10-19 14:00:00',656730);
INSERT INTO occurrence VALUES ('PROG1','02',8,'B201','2020-10-22 16:00:00','2020-10-22 18:00:00',656730);
INSERT INTO occurrence VALUES ('PROG1','02',9,'A102','2020-10-26 12:00:00','2020-10-26 14:00:00',656730);
INSERT INTO occurrence VALUES ('PROG1','02',10,'B201','2020-10-29 16:00:00','2020-10-29 18:00:00',656730);
INSERT INTO occurrence VALUES ('PROG1','02',11,'A102','2020-11-02 12:00:00','2020-11-02 14:00:00',656730);
INSERT INTO occurrence VALUES ('PROG1','02',12,'B201','2020-11-05 16:00:00','2020-11-05 18:00:00',656730);
INSERT INTO occurrence VALUES ('PROG1','02',13,'A102','2020-11-09 12:00:00','2020-11-09 14:00:00',656730);
INSERT INTO occurrence VALUES ('PROG1','02',14,'B201','2020-11-12 16:00:00','2020-11-12 18:00:00',656730);
INSERT INTO occurrence VALUES ('PROG1','02',15,'A102','2020-11-16 12:00:00','2020-11-16 14:00:00',656730);
INSERT INTO occurrence VALUES ('PROG1','02',16,'B201','2020-11-19 16:00:00','2020-11-19 18:00:00',656730);
INSERT INTO occurrence VALUES ('PROG1','02',17,'A102','2020-11-23 12:00:00','2020-11-23 14:00:00',656730);
INSERT INTO occurrence VALUES ('PROG1','02',18,'B201','2020-11-26 16:00:00','2020-11-26 18:00:00',656730);
INSERT INTO occurrence VALUES ('PROG1','02',19,'A102','2020-11-30 12:00:00','2020-11-30 14:00:00',656730);
INSERT INTO occurrence VALUES ('PROG1','02',20,'B201','2020-12-03 16:00:00','2020-12-03 18:00:00',656730);
INSERT INTO occurrence VALUES ('PROG1','02',21,'A102','2020-12-07 12:00:00','2020-12-07 14:00:00',656730);
INSERT INTO occurrence VALUES ('PROG1','02',22,'B201','2020-12-10 16:00:00','2020-12-10 18:00:00',656730);
INSERT INTO occurrence VALUES ('PROG1','02',23,'A102','2020-12-14 12:00:00','2020-12-14 14:00:00',656730);
INSERT INTO occurrence VALUES ('PROG1','02',24,'B201','2020-12-17 16:00:00','2020-12-17 18:00:00',656730);

INSERT INTO occurrence VALUES ('MECA1','01',1,'A101','2020-10-01 08:30:00','2020-10-01 10:30:00',656730);
INSERT INTO occurrence VALUES ('MECA1','01',2,'A201','2020-10-02 10:00:00','2020-10-02 12:00:00',656730);
INSERT INTO occurrence VALUES ('MECA1','01',3,'A101','2020-10-08 08:30:00','2020-10-08 10:30:00',656730);
INSERT INTO occurrence VALUES ('MECA1','01',4,'A201','2020-10-09 10:00:00','2020-10-09 12:00:00',656730);
INSERT INTO occurrence VALUES ('MECA1','01',5,'A101','2020-10-15 08:30:00','2020-10-15 10:30:00',656730);
INSERT INTO occurrence VALUES ('MECA1','01',6,'A201','2020-10-16 10:00:00','2020-10-16 12:00:00',656730);
INSERT INTO occurrence VALUES ('MECA1','01',7,'A101','2020-10-22 08:30:00','2020-10-22 10:30:00',656730);
INSERT INTO occurrence VALUES ('MECA1','01',8,'A201','2020-10-23 10:00:00','2020-10-23 12:00:00',656730);
INSERT INTO occurrence VALUES ('MECA1','01',9,'A101','2020-10-29 08:30:00','2020-10-29 10:30:00',656730);
INSERT INTO occurrence VALUES ('MECA1','01',10,'A201','2020-10-30 10:00:00','2020-10-30 12:00:00',656730);
INSERT INTO occurrence VALUES ('MECA1','01',11,'A101','2020-11-05 08:30:00','2020-11-05 10:30:00',656730);
INSERT INTO occurrence VALUES ('MECA1','01',12,'A201','2020-11-06 10:00:00','2020-11-06 12:00:00',656730);
INSERT INTO occurrence VALUES ('MECA1','01',13,'A101','2020-11-12 08:30:00','2020-11-12 10:30:00',656730);
INSERT INTO occurrence VALUES ('MECA1','01',14,'A201','2020-11-13 10:00:00','2020-11-13 12:00:00',656730);
INSERT INTO occurrence VALUES ('MECA1','01',15,'A101','2020-11-19 08:30:00','2020-11-19 10:30:00',656730);
INSERT INTO occurrence VALUES ('MECA1','01',16,'A201','2020-11-20 10:00:00','2020-11-20 12:00:00',656730);
INSERT INTO occurrence VALUES ('MECA1','01',17,'A101','2020-11-26 08:30:00','2020-11-26 10:30:00',656730);
INSERT INTO occurrence VALUES ('MECA1','01',18,'A201','2020-11-27 10:00:00','2020-11-27 12:00:00',656730);
INSERT INTO occurrence VALUES ('MECA1','01',19,'A101','2020-12-03 08:30:00','2020-12-03 10:30:00',656730);
INSERT INTO occurrence VALUES ('MECA1','01',20,'A201','2020-12-04 10:00:00','2020-12-04 12:00:00',656730);
INSERT INTO occurrence VALUES ('MECA1','01',21,'A101','2020-12-10 08:30:00','2020-12-10 10:30:00',656730);
INSERT INTO occurrence VALUES ('MECA1','01',22,'A201','2020-12-11 10:00:00','2020-12-11 12:00:00',656730);
INSERT INTO occurrence VALUES ('MECA1','01',23,'A101','2020-12-17 08:30:00','2020-12-17 10:30:00',656730);
INSERT INTO occurrence VALUES ('MECA1','01',24,'A201','2020-12-18 10:00:00','2020-12-18 12:00:00',656730);

--attendance:

INSERT INTO attendance VALUES (NULL,201703602,'2020-09-29 16:30:00','B202');
INSERT INTO attendance VALUES (NULL,201703602,'2020-10-06 16:30:00','B202');
INSERT INTO attendance VALUES (NULL,201703602,'2020-10-13 16:30:00','B202');
INSERT INTO attendance VALUES (NULL,201703602,'2020-10-20 16:30:00','B202');
INSERT INTO attendance VALUES (NULL,201703602,'2020-10-27 16:30:00','B202');
INSERT INTO attendance VALUES (NULL,201703602,'2020-11-03 16:30:00','B202');
INSERT INTO attendance VALUES (NULL,201703602,'2020-11-10 16:30:00','B202');
INSERT INTO attendance VALUES (NULL,201703602,'2020-11-17 16:30:00','B202');
INSERT INTO attendance VALUES (NULL,201703602,'2020-11-24 16:30:00','B202');
INSERT INTO attendance VALUES (NULL,201703602,'2020-12-01 16:30:00','B202');
INSERT INTO attendance VALUES (NULL,201703602,'2020-12-08 16:30:00','B202');
INSERT INTO attendance VALUES (NULL,201703602,'2020-12-15 16:30:00','B202');
INSERT INTO attendance VALUES (NULL,201703608,'2020-09-29 16:30:00','B202');
INSERT INTO attendance VALUES (NULL,201703608,'2020-10-06 16:30:00','B202');
INSERT INTO attendance VALUES (NULL,201703608,'2020-10-13 16:30:00','B202');
INSERT INTO attendance VALUES (NULL,201703608,'2020-10-20 16:30:00','B202');
INSERT INTO attendance VALUES (NULL,201703608,'2020-10-27 16:30:00','B202');
INSERT INTO attendance VALUES (NULL,201703608,'2020-11-03 16:30:00','B202');
INSERT INTO attendance VALUES (NULL,201703608,'2020-11-10 16:30:00','B202');
INSERT INTO attendance VALUES (NULL,201703608,'2020-11-17 16:30:00','B202');
INSERT INTO attendance VALUES (NULL,201703608,'2020-11-24 16:30:00','B202');
INSERT INTO attendance VALUES (NULL,201703608,'2020-12-01 16:30:00','B202');
INSERT INTO attendance VALUES (NULL,201703608,'2020-12-08 16:30:00','B202');
INSERT INTO attendance VALUES (NULL,201703608,'2020-12-15 16:30:00','B202');
INSERT INTO attendance VALUES (NULL,201703620,'2020-09-29 16:30:00','B202');
INSERT INTO attendance VALUES (NULL,201703620,'2020-10-06 16:30:00','B202');
INSERT INTO attendance VALUES (NULL,201703620,'2020-10-13 16:30:00','B202');
INSERT INTO attendance VALUES (NULL,201703620,'2020-10-20 16:30:00','B202');
INSERT INTO attendance VALUES (NULL,201703620,'2020-10-27 16:30:00','B202');
INSERT INTO attendance VALUES (NULL,201703620,'2020-11-03 16:30:00','B202');
INSERT INTO attendance VALUES (NULL,201703620,'2020-11-10 16:30:00','B202');
INSERT INTO attendance VALUES (NULL,201703620,'2020-11-17 16:30:00','B202');
INSERT INTO attendance VALUES (NULL,201703620,'2020-11-24 16:30:00','B202');
INSERT INTO attendance VALUES (NULL,201703620,'2020-12-01 16:30:00','B202');
INSERT INTO attendance VALUES (NULL,201703620,'2020-12-08 16:30:00','B202');
INSERT INTO attendance VALUES (NULL,201703620,'2020-12-15 16:30:00','B202');
INSERT INTO attendance VALUES (NULL,201703594,'2020-09-29 16:30:00','B202');
INSERT INTO attendance VALUES (NULL,201703594,'2020-10-06 16:30:00','B202');
INSERT INTO attendance VALUES (NULL,201703594,'2020-10-13 16:30:00','B202');
INSERT INTO attendance VALUES (NULL,201703594,'2020-10-20 16:30:00','B202');
INSERT INTO attendance VALUES (NULL,201703594,'2020-10-27 16:30:00','B202');
INSERT INTO attendance VALUES (NULL,201703594,'2020-11-03 16:30:00','B202');
INSERT INTO attendance VALUES (NULL,201703594,'2020-11-10 16:30:00','B202');
INSERT INTO attendance VALUES (NULL,201703594,'2020-11-17 16:30:00','B202');
INSERT INTO attendance VALUES (NULL,201703594,'2020-11-24 16:30:00','B202');
INSERT INTO attendance VALUES (NULL,201703594,'2020-12-01 16:30:00','B202');
INSERT INTO attendance VALUES (NULL,201703594,'2020-12-08 16:30:00','B202');
INSERT INTO attendance VALUES (NULL,201703594,'2020-12-15 16:30:00','B202');
INSERT INTO attendance VALUES (NULL,201703618,'2020-09-29 16:30:00','B202');
INSERT INTO attendance VALUES (NULL,201703618,'2020-10-06 16:30:00','B202');
INSERT INTO attendance VALUES (NULL,201703618,'2020-10-13 16:30:00','B202');
INSERT INTO attendance VALUES (NULL,201703618,'2020-10-20 16:30:00','B202');
INSERT INTO attendance VALUES (NULL,201703618,'2020-10-27 16:30:00','B202');
INSERT INTO attendance VALUES (NULL,201703618,'2020-11-03 16:30:00','B202');
INSERT INTO attendance VALUES (NULL,201703618,'2020-11-10 16:30:00','B202');
INSERT INTO attendance VALUES (NULL,201703618,'2020-11-17 16:30:00','B202');
INSERT INTO attendance VALUES (NULL,201703618,'2020-11-24 16:30:00','B202');
INSERT INTO attendance VALUES (NULL,201703618,'2020-12-01 16:30:00','B202');
INSERT INTO attendance VALUES (NULL,201703618,'2020-12-08 16:30:00','B202');
INSERT INTO attendance VALUES (NULL,201703618,'2020-12-15 16:30:00','B202');
INSERT INTO attendance VALUES (NULL,201703624,'2020-09-29 16:30:00','B202');
INSERT INTO attendance VALUES (NULL,201703624,'2020-10-06 16:30:00','B202');
INSERT INTO attendance VALUES (NULL,201703624,'2020-10-13 16:30:00','B202');
INSERT INTO attendance VALUES (NULL,201703624,'2020-10-20 16:30:00','B202');
INSERT INTO attendance VALUES (NULL,201703624,'2020-10-27 16:30:00','B202');
INSERT INTO attendance VALUES (NULL,201703624,'2020-11-03 16:30:00','B202');
INSERT INTO attendance VALUES (NULL,201703624,'2020-11-10 16:30:00','B202');
INSERT INTO attendance VALUES (NULL,201703624,'2020-11-17 16:30:00','B202');
INSERT INTO attendance VALUES (NULL,201703624,'2020-11-24 16:30:00','B202');
INSERT INTO attendance VALUES (NULL,201703624,'2020-12-01 16:30:00','B202');
INSERT INTO attendance VALUES (NULL,201703624,'2020-12-08 16:30:00','B202');
INSERT INTO attendance VALUES (NULL,201703624,'2020-12-15 16:30:00','B202');
INSERT INTO attendance VALUES (NULL,201703589,'2020-09-29 16:30:00','B202');
INSERT INTO attendance VALUES (NULL,201703589,'2020-10-06 16:30:00','B202');
INSERT INTO attendance VALUES (NULL,201703589,'2020-10-13 16:30:00','B202');
INSERT INTO attendance VALUES (NULL,201703589,'2020-10-20 16:30:00','B202');
INSERT INTO attendance VALUES (NULL,201703589,'2020-10-27 16:30:00','B202');
INSERT INTO attendance VALUES (NULL,201703589,'2020-11-03 16:30:00','B202');
INSERT INTO attendance VALUES (NULL,201703589,'2020-11-10 16:30:00','B202');
INSERT INTO attendance VALUES (NULL,201703589,'2020-11-17 16:30:00','B202');
INSERT INTO attendance VALUES (NULL,201703589,'2020-11-24 16:30:00','B202');
INSERT INTO attendance VALUES (NULL,201703589,'2020-12-01 16:30:00','B202');
INSERT INTO attendance VALUES (NULL,201703589,'2020-12-08 16:30:00','B202');
INSERT INTO attendance VALUES (NULL,201703589,'2020-12-15 16:30:00','B202');
INSERT INTO attendance VALUES (NULL,201703595,'2020-09-29 16:30:00','B202');
INSERT INTO attendance VALUES (NULL,201703595,'2020-10-06 16:30:00','B202');
INSERT INTO attendance VALUES (NULL,201703595,'2020-10-13 16:30:00','B202');
INSERT INTO attendance VALUES (NULL,201703595,'2020-10-20 16:30:00','B202');
INSERT INTO attendance VALUES (NULL,201703595,'2020-10-27 16:30:00','B202');
INSERT INTO attendance VALUES (NULL,201703595,'2020-11-03 16:30:00','B202');
INSERT INTO attendance VALUES (NULL,201703595,'2020-11-10 16:30:00','B202');
INSERT INTO attendance VALUES (NULL,201703595,'2020-11-17 16:30:00','B202');
INSERT INTO attendance VALUES (NULL,201703595,'2020-11-24 16:30:00','B202');
INSERT INTO attendance VALUES (NULL,201703595,'2020-12-01 16:30:00','B202');
INSERT INTO attendance VALUES (NULL,201703595,'2020-12-08 16:30:00','B202');
INSERT INTO attendance VALUES (NULL,201703595,'2020-12-15 16:30:00','B202');
INSERT INTO attendance VALUES (NULL,201703601,'2020-09-29 16:30:00','B202');
INSERT INTO attendance VALUES (NULL,201703601,'2020-10-06 16:30:00','B202');
INSERT INTO attendance VALUES (NULL,201703601,'2020-10-13 16:30:00','B202');
INSERT INTO attendance VALUES (NULL,201703601,'2020-10-20 16:30:00','B202');
INSERT INTO attendance VALUES (NULL,201703601,'2020-10-27 16:30:00','B202');
INSERT INTO attendance VALUES (NULL,201703601,'2020-11-03 16:30:00','B202');
INSERT INTO attendance VALUES (NULL,201703601,'2020-11-10 16:30:00','B202');
INSERT INTO attendance VALUES (NULL,201703601,'2020-11-17 16:30:00','B202');
INSERT INTO attendance VALUES (NULL,201703601,'2020-11-24 16:30:00','B202');
INSERT INTO attendance VALUES (NULL,201703601,'2020-12-01 16:30:00','B202');
INSERT INTO attendance VALUES (NULL,201703601,'2020-12-08 16:30:00','B202');
INSERT INTO attendance VALUES (NULL,201703601,'2020-12-15 16:30:00','B202');
INSERT INTO attendance VALUES (NULL,201703607,'2020-09-29 16:30:00','B202');
INSERT INTO attendance VALUES (NULL,201703607,'2020-10-06 16:30:00','B202');
INSERT INTO attendance VALUES (NULL,201703607,'2020-10-13 16:30:00','B202');
INSERT INTO attendance VALUES (NULL,201703607,'2020-10-20 16:30:00','B202');
INSERT INTO attendance VALUES (NULL,201703607,'2020-10-27 16:30:00','B202');
INSERT INTO attendance VALUES (NULL,201703607,'2020-11-03 16:30:00','B202');
INSERT INTO attendance VALUES (NULL,201703607,'2020-11-10 16:30:00','B202');
INSERT INTO attendance VALUES (NULL,201703607,'2020-11-17 16:30:00','B202');
INSERT INTO attendance VALUES (NULL,201703607,'2020-11-24 16:30:00','B202');
INSERT INTO attendance VALUES (NULL,201703607,'2020-12-01 16:30:00','B202');
INSERT INTO attendance VALUES (NULL,201703607,'2020-12-08 16:30:00','B202');
INSERT INTO attendance VALUES (NULL,201703607,'2020-12-15 16:30:00','B202');
INSERT INTO attendance VALUES (NULL,201703613,'2020-09-29 16:30:00','B202');
INSERT INTO attendance VALUES (NULL,201703613,'2020-10-06 16:30:00','B202');
INSERT INTO attendance VALUES (NULL,201703613,'2020-10-13 16:30:00','B202');
INSERT INTO attendance VALUES (NULL,201703613,'2020-10-20 16:30:00','B202');
INSERT INTO attendance VALUES (NULL,201703613,'2020-10-27 16:30:00','B202');
INSERT INTO attendance VALUES (NULL,201703613,'2020-11-03 16:30:00','B202');
INSERT INTO attendance VALUES (NULL,201703613,'2020-11-10 16:30:00','B202');
INSERT INTO attendance VALUES (NULL,201703613,'2020-11-17 16:30:00','B202');
INSERT INTO attendance VALUES (NULL,201703613,'2020-11-24 16:30:00','B202');
INSERT INTO attendance VALUES (NULL,201703613,'2020-12-01 16:30:00','B202');
INSERT INTO attendance VALUES (NULL,201703613,'2020-12-08 16:30:00','B202');
INSERT INTO attendance VALUES (NULL,201703613,'2020-12-15 16:30:00','B202');
INSERT INTO attendance VALUES (NULL,201703619,'2020-09-29 16:30:00','B202');
INSERT INTO attendance VALUES (NULL,201703619,'2020-10-06 16:30:00','B202');
INSERT INTO attendance VALUES (NULL,201703619,'2020-10-13 16:30:00','B202');
INSERT INTO attendance VALUES (NULL,201703619,'2020-10-20 16:30:00','B202');
INSERT INTO attendance VALUES (NULL,201703619,'2020-10-27 16:30:00','B202');
INSERT INTO attendance VALUES (NULL,201703619,'2020-11-03 16:30:00','B202');
INSERT INTO attendance VALUES (NULL,201703619,'2020-11-10 16:30:00','B202');
INSERT INTO attendance VALUES (NULL,201703619,'2020-11-17 16:30:00','B202');
INSERT INTO attendance VALUES (NULL,201703619,'2020-11-24 16:30:00','B202');
INSERT INTO attendance VALUES (NULL,201703619,'2020-12-01 16:30:00','B202');
INSERT INTO attendance VALUES (NULL,201703619,'2020-12-08 16:30:00','B202');
INSERT INTO attendance VALUES (NULL,201703619,'2020-12-15 16:30:00','B202');
INSERT INTO attendance VALUES (NULL,201703625,'2020-09-29 16:30:00','B202');
INSERT INTO attendance VALUES (NULL,201703625,'2020-10-06 16:30:00','B202');
INSERT INTO attendance VALUES (NULL,201703625,'2020-10-13 16:30:00','B202');
INSERT INTO attendance VALUES (NULL,201703625,'2020-10-20 16:30:00','B202');
INSERT INTO attendance VALUES (NULL,201703625,'2020-10-27 16:30:00','B202');
INSERT INTO attendance VALUES (NULL,201703625,'2020-11-03 16:30:00','B202');
INSERT INTO attendance VALUES (NULL,201703625,'2020-11-10 16:30:00','B202');
INSERT INTO attendance VALUES (NULL,201703625,'2020-11-17 16:30:00','B202');
INSERT INTO attendance VALUES (NULL,201703625,'2020-11-24 16:30:00','B202');
INSERT INTO attendance VALUES (NULL,201703625,'2020-12-01 16:30:00','B202');
INSERT INTO attendance VALUES (NULL,201703625,'2020-12-08 16:30:00','B202');
INSERT INTO attendance VALUES (NULL,201703625,'2020-12-15 16:30:00','B202');
INSERT INTO attendance VALUES (NULL,201703631,'2020-09-29 16:30:00','B202');
INSERT INTO attendance VALUES (NULL,201703631,'2020-10-06 16:30:00','B202');
INSERT INTO attendance VALUES (NULL,201703631,'2020-10-13 16:30:00','B202');
INSERT INTO attendance VALUES (NULL,201703631,'2020-10-20 16:30:00','B202');
INSERT INTO attendance VALUES (NULL,201703631,'2020-10-27 16:30:00','B202');
INSERT INTO attendance VALUES (NULL,201703631,'2020-11-03 16:30:00','B202');
INSERT INTO attendance VALUES (NULL,201703631,'2020-11-10 16:30:00','B202');
INSERT INTO attendance VALUES (NULL,201703631,'2020-11-17 16:30:00','B202');
INSERT INTO attendance VALUES (NULL,201703631,'2020-11-24 16:30:00','B202');
INSERT INTO attendance VALUES (NULL,201703631,'2020-12-01 16:30:00','B202');
INSERT INTO attendance VALUES (NULL,201703631,'2020-12-08 16:30:00','B202');
INSERT INTO attendance VALUES (NULL,201703631,'2020-12-15 16:30:00','B202');
INSERT INTO attendance VALUES (NULL,201703584,'2020-09-28 15:30:00','B202');
INSERT INTO attendance VALUES (NULL,201703584,'2020-10-05 15:30:00','B202');
INSERT INTO attendance VALUES (NULL,201703584,'2020-10-12 15:30:00','B202');
INSERT INTO attendance VALUES (NULL,201703584,'2020-10-19 15:30:00','B202');
INSERT INTO attendance VALUES (NULL,201703584,'2020-10-26 15:30:00','B202');
INSERT INTO attendance VALUES (NULL,201703584,'2020-11-02 15:30:00','B202');
INSERT INTO attendance VALUES (NULL,201703584,'2020-11-09 15:30:00','B202');
INSERT INTO attendance VALUES (NULL,201703584,'2020-11-16 15:30:00','B202');
INSERT INTO attendance VALUES (NULL,201703584,'2020-11-23 15:30:00','B202');
INSERT INTO attendance VALUES (NULL,201703584,'2020-11-30 15:30:00','B202');
INSERT INTO attendance VALUES (NULL,201703584,'2020-12-07 15:30:00','B202');
INSERT INTO attendance VALUES (NULL,201703584,'2020-12-14 15:30:00','B202');
INSERT INTO attendance VALUES (NULL,201703588,'2020-09-28 15:30:00','B202');
INSERT INTO attendance VALUES (NULL,201703588,'2020-10-05 15:30:00','B202');
INSERT INTO attendance VALUES (NULL,201703588,'2020-10-12 15:30:00','B202');
INSERT INTO attendance VALUES (NULL,201703588,'2020-10-19 15:30:00','B202');
INSERT INTO attendance VALUES (NULL,201703588,'2020-10-26 15:30:00','B202');
INSERT INTO attendance VALUES (NULL,201703588,'2020-11-02 15:30:00','B202');
INSERT INTO attendance VALUES (NULL,201703588,'2020-11-09 15:30:00','B202');
INSERT INTO attendance VALUES (NULL,201703588,'2020-11-16 15:30:00','B202');
INSERT INTO attendance VALUES (NULL,201703588,'2020-11-23 15:30:00','B202');
INSERT INTO attendance VALUES (NULL,201703588,'2020-11-30 15:30:00','B202');
INSERT INTO attendance VALUES (NULL,201703588,'2020-12-07 15:30:00','B202');
INSERT INTO attendance VALUES (NULL,201703588,'2020-12-14 15:30:00','B202');
INSERT INTO attendance VALUES (NULL,201703590,'2020-09-28 15:30:00','B202');
INSERT INTO attendance VALUES (NULL,201703590,'2020-10-05 15:30:00','B202');
INSERT INTO attendance VALUES (NULL,201703590,'2020-10-12 15:30:00','B202');
INSERT INTO attendance VALUES (NULL,201703590,'2020-10-19 15:30:00','B202');
INSERT INTO attendance VALUES (NULL,201703590,'2020-10-26 15:30:00','B202');
INSERT INTO attendance VALUES (NULL,201703590,'2020-11-02 15:30:00','B202');
INSERT INTO attendance VALUES (NULL,201703590,'2020-11-09 15:30:00','B202');
INSERT INTO attendance VALUES (NULL,201703590,'2020-11-16 15:30:00','B202');
INSERT INTO attendance VALUES (NULL,201703590,'2020-11-23 15:30:00','B202');
INSERT INTO attendance VALUES (NULL,201703590,'2020-11-30 15:30:00','B202');
INSERT INTO attendance VALUES (NULL,201703590,'2020-12-07 15:30:00','B202');
INSERT INTO attendance VALUES (NULL,201703590,'2020-12-14 15:30:00','B202');
INSERT INTO attendance VALUES (NULL,201703596,'2020-09-28 15:30:00','B202');
INSERT INTO attendance VALUES (NULL,201703596,'2020-10-05 15:30:00','B202');
INSERT INTO attendance VALUES (NULL,201703596,'2020-10-12 15:30:00','B202');
INSERT INTO attendance VALUES (NULL,201703596,'2020-10-19 15:30:00','B202');
INSERT INTO attendance VALUES (NULL,201703596,'2020-10-26 15:30:00','B202');
INSERT INTO attendance VALUES (NULL,201703596,'2020-11-02 15:30:00','B202');
INSERT INTO attendance VALUES (NULL,201703596,'2020-11-09 15:30:00','B202');
INSERT INTO attendance VALUES (NULL,201703596,'2020-11-16 15:30:00','B202');
INSERT INTO attendance VALUES (NULL,201703596,'2020-11-23 15:30:00','B202');
INSERT INTO attendance VALUES (NULL,201703596,'2020-11-30 15:30:00','B202');
INSERT INTO attendance VALUES (NULL,201703596,'2020-12-07 15:30:00','B202');
INSERT INTO attendance VALUES (NULL,201703596,'2020-12-14 15:30:00','B202');
INSERT INTO attendance VALUES (NULL,201703600,'2020-09-28 15:30:00','B202');
INSERT INTO attendance VALUES (NULL,201703600,'2020-10-05 15:30:00','B202');
INSERT INTO attendance VALUES (NULL,201703600,'2020-10-12 15:30:00','B202');
INSERT INTO attendance VALUES (NULL,201703600,'2020-10-19 15:30:00','B202');
INSERT INTO attendance VALUES (NULL,201703600,'2020-10-26 15:30:00','B202');
INSERT INTO attendance VALUES (NULL,201703600,'2020-11-02 15:30:00','B202');
INSERT INTO attendance VALUES (NULL,201703600,'2020-11-09 15:30:00','B202');
INSERT INTO attendance VALUES (NULL,201703600,'2020-11-16 15:30:00','B202');
INSERT INTO attendance VALUES (NULL,201703600,'2020-11-23 15:30:00','B202');
INSERT INTO attendance VALUES (NULL,201703600,'2020-11-30 15:30:00','B202');
INSERT INTO attendance VALUES (NULL,201703600,'2020-12-07 15:30:00','B202');
INSERT INTO attendance VALUES (NULL,201703600,'2020-12-14 15:30:00','B202');
INSERT INTO attendance VALUES (NULL,201703606,'2020-09-28 15:30:00','B202');
INSERT INTO attendance VALUES (NULL,201703606,'2020-10-05 15:30:00','B202');
INSERT INTO attendance VALUES (NULL,201703606,'2020-10-12 15:30:00','B202');
INSERT INTO attendance VALUES (NULL,201703606,'2020-10-19 15:30:00','B202');
INSERT INTO attendance VALUES (NULL,201703606,'2020-10-26 15:30:00','B202');
INSERT INTO attendance VALUES (NULL,201703606,'2020-11-02 15:30:00','B202');
INSERT INTO attendance VALUES (NULL,201703606,'2020-11-09 15:30:00','B202');
INSERT INTO attendance VALUES (NULL,201703606,'2020-11-16 15:30:00','B202');
INSERT INTO attendance VALUES (NULL,201703606,'2020-11-23 15:30:00','B202');
INSERT INTO attendance VALUES (NULL,201703606,'2020-11-30 15:30:00','B202');
INSERT INTO attendance VALUES (NULL,201703606,'2020-12-07 15:30:00','B202');
INSERT INTO attendance VALUES (NULL,201703606,'2020-12-14 15:30:00','B202');
INSERT INTO attendance VALUES (NULL,201703612,'2020-09-28 15:30:00','B202');
INSERT INTO attendance VALUES (NULL,201703612,'2020-10-05 15:30:00','B202');
INSERT INTO attendance VALUES (NULL,201703612,'2020-10-12 15:30:00','B202');
INSERT INTO attendance VALUES (NULL,201703612,'2020-10-19 15:30:00','B202');
INSERT INTO attendance VALUES (NULL,201703612,'2020-10-26 15:30:00','B202');
INSERT INTO attendance VALUES (NULL,201703612,'2020-11-02 15:30:00','B202');
INSERT INTO attendance VALUES (NULL,201703612,'2020-11-09 15:30:00','B202');
INSERT INTO attendance VALUES (NULL,201703612,'2020-11-16 15:30:00','B202');
INSERT INTO attendance VALUES (NULL,201703612,'2020-11-23 15:30:00','B202');
INSERT INTO attendance VALUES (NULL,201703612,'2020-11-30 15:30:00','B202');
INSERT INTO attendance VALUES (NULL,201703612,'2020-12-07 15:30:00','B202');
INSERT INTO attendance VALUES (NULL,201703612,'2020-12-14 15:30:00','B202');
INSERT INTO attendance VALUES (NULL,201703614,'2020-09-28 15:30:00','B202');
INSERT INTO attendance VALUES (NULL,201703614,'2020-10-05 15:30:00','B202');
INSERT INTO attendance VALUES (NULL,201703614,'2020-10-12 15:30:00','B202');
INSERT INTO attendance VALUES (NULL,201703614,'2020-10-19 15:30:00','B202');
INSERT INTO attendance VALUES (NULL,201703614,'2020-10-26 15:30:00','B202');
INSERT INTO attendance VALUES (NULL,201703614,'2020-11-02 15:30:00','B202');
INSERT INTO attendance VALUES (NULL,201703614,'2020-11-09 15:30:00','B202');
INSERT INTO attendance VALUES (NULL,201703614,'2020-11-16 15:30:00','B202');
INSERT INTO attendance VALUES (NULL,201703614,'2020-11-23 15:30:00','B202');
INSERT INTO attendance VALUES (NULL,201703614,'2020-11-30 15:30:00','B202');
INSERT INTO attendance VALUES (NULL,201703614,'2020-12-07 15:30:00','B202');
INSERT INTO attendance VALUES (NULL,201703614,'2020-12-14 15:30:00','B202');
INSERT INTO attendance VALUES (NULL,201703626,'2020-09-28 15:30:00','B202');
INSERT INTO attendance VALUES (NULL,201703626,'2020-10-05 15:30:00','B202');
INSERT INTO attendance VALUES (NULL,201703626,'2020-10-12 15:30:00','B202');
INSERT INTO attendance VALUES (NULL,201703626,'2020-10-19 15:30:00','B202');
INSERT INTO attendance VALUES (NULL,201703626,'2020-10-26 15:30:00','B202');
INSERT INTO attendance VALUES (NULL,201703626,'2020-11-02 15:30:00','B202');
INSERT INTO attendance VALUES (NULL,201703626,'2020-11-09 15:30:00','B202');
INSERT INTO attendance VALUES (NULL,201703626,'2020-11-16 15:30:00','B202');
INSERT INTO attendance VALUES (NULL,201703626,'2020-11-23 15:30:00','B202');
INSERT INTO attendance VALUES (NULL,201703626,'2020-11-30 15:30:00','B202');
INSERT INTO attendance VALUES (NULL,201703626,'2020-12-07 15:30:00','B202');
INSERT INTO attendance VALUES (NULL,201703626,'2020-12-14 15:30:00','B202');
INSERT INTO attendance VALUES (NULL,201703630,'2020-09-28 15:30:00','B202');
INSERT INTO attendance VALUES (NULL,201703630,'2020-10-05 15:30:00','B202');
INSERT INTO attendance VALUES (NULL,201703630,'2020-10-12 15:30:00','B202');
INSERT INTO attendance VALUES (NULL,201703630,'2020-10-19 15:30:00','B202');
INSERT INTO attendance VALUES (NULL,201703630,'2020-10-26 15:30:00','B202');
INSERT INTO attendance VALUES (NULL,201703630,'2020-11-02 15:30:00','B202');
INSERT INTO attendance VALUES (NULL,201703630,'2020-11-09 15:30:00','B202');
INSERT INTO attendance VALUES (NULL,201703630,'2020-11-16 15:30:00','B202');
INSERT INTO attendance VALUES (NULL,201703630,'2020-11-23 15:30:00','B202');
INSERT INTO attendance VALUES (NULL,201703630,'2020-11-30 15:30:00','B202');
INSERT INTO attendance VALUES (NULL,201703630,'2020-12-07 15:30:00','B202');
INSERT INTO attendance VALUES (NULL,201703630,'2020-12-14 15:30:00','B202');
INSERT INTO attendance VALUES (NULL,201703632,'2020-09-28 15:30:00','B202');
INSERT INTO attendance VALUES (NULL,201703632,'2020-10-05 15:30:00','B202');
INSERT INTO attendance VALUES (NULL,201703632,'2020-10-12 15:30:00','B202');
INSERT INTO attendance VALUES (NULL,201703632,'2020-10-19 15:30:00','B202');
INSERT INTO attendance VALUES (NULL,201703632,'2020-10-26 15:30:00','B202');
INSERT INTO attendance VALUES (NULL,201703632,'2020-11-02 15:30:00','B202');
INSERT INTO attendance VALUES (NULL,201703632,'2020-11-09 15:30:00','B202');
INSERT INTO attendance VALUES (NULL,201703632,'2020-11-16 15:30:00','B202');
INSERT INTO attendance VALUES (NULL,201703632,'2020-11-23 15:30:00','B202');
INSERT INTO attendance VALUES (NULL,201703632,'2020-11-30 15:30:00','B202');
INSERT INTO attendance VALUES (NULL,201703632,'2020-12-07 15:30:00','B202');
INSERT INTO attendance VALUES (NULL,201703632,'2020-12-14 15:30:00','B202');
INSERT INTO attendance VALUES (NULL,201703584,'2020-09-29 15:00:00','G101');
INSERT INTO attendance VALUES (NULL,201703584,'2020-09-30 16:30:00','G102');
INSERT INTO attendance VALUES (NULL,201703584,'2020-10-06 15:00:00','G101');
INSERT INTO attendance VALUES (NULL,201703584,'2020-10-07 16:30:00','G102');
INSERT INTO attendance VALUES (NULL,201703584,'2020-10-13 15:00:00','G101');
INSERT INTO attendance VALUES (NULL,201703584,'2020-10-14 16:30:00','G102');
INSERT INTO attendance VALUES (NULL,201703584,'2020-10-20 15:00:00','G101');
INSERT INTO attendance VALUES (NULL,201703584,'2020-10-21 16:30:00','G102');
INSERT INTO attendance VALUES (NULL,201703584,'2020-10-27 15:00:00','G101');
INSERT INTO attendance VALUES (NULL,201703584,'2020-10-28 16:30:00','G102');
INSERT INTO attendance VALUES (NULL,201703584,'2020-11-03 15:00:00','G101');
INSERT INTO attendance VALUES (NULL,201703584,'2020-11-04 16:30:00','G102');
INSERT INTO attendance VALUES (NULL,201703584,'2020-11-10 15:00:00','G101');
INSERT INTO attendance VALUES (NULL,201703584,'2020-11-11 16:30:00','G102');
INSERT INTO attendance VALUES (NULL,201703584,'2020-11-17 15:00:00','G101');
INSERT INTO attendance VALUES (NULL,201703584,'2020-11-18 16:30:00','G102');
INSERT INTO attendance VALUES (NULL,201703584,'2020-11-24 15:00:00','G101');
INSERT INTO attendance VALUES (NULL,201703584,'2020-11-25 16:30:00','G102');
INSERT INTO attendance VALUES (NULL,201703584,'2020-12-01 15:00:00','G101');
INSERT INTO attendance VALUES (NULL,201703584,'2020-12-02 16:30:00','G102');
INSERT INTO attendance VALUES (NULL,201703584,'2020-12-08 15:00:00','G101');
INSERT INTO attendance VALUES (NULL,201703584,'2020-12-09 16:30:00','G102');
INSERT INTO attendance VALUES (NULL,201703584,'2020-12-15 15:00:00','G101');
INSERT INTO attendance VALUES (NULL,201703584,'2020-12-16 16:30:00','G102');
INSERT INTO attendance VALUES (NULL,201703586,'2020-09-29 15:00:00','G101');
INSERT INTO attendance VALUES (NULL,201703586,'2020-09-30 16:30:00','G102');
INSERT INTO attendance VALUES (NULL,201703586,'2020-10-06 15:00:00','G101');
INSERT INTO attendance VALUES (NULL,201703586,'2020-10-07 16:30:00','G102');
INSERT INTO attendance VALUES (NULL,201703586,'2020-10-13 15:00:00','G101');
INSERT INTO attendance VALUES (NULL,201703586,'2020-10-14 16:30:00','G102');
INSERT INTO attendance VALUES (NULL,201703586,'2020-10-20 15:00:00','G101');
INSERT INTO attendance VALUES (NULL,201703586,'2020-10-21 16:30:00','G102');
INSERT INTO attendance VALUES (NULL,201703586,'2020-10-27 15:00:00','G101');
INSERT INTO attendance VALUES (NULL,201703586,'2020-10-28 16:30:00','G102');
INSERT INTO attendance VALUES (NULL,201703586,'2020-11-03 15:00:00','G101');
INSERT INTO attendance VALUES (NULL,201703586,'2020-11-04 16:30:00','G102');
INSERT INTO attendance VALUES (NULL,201703586,'2020-11-10 15:00:00','G101');
INSERT INTO attendance VALUES (NULL,201703586,'2020-11-11 16:30:00','G102');
INSERT INTO attendance VALUES (NULL,201703586,'2020-11-17 15:00:00','G101');
INSERT INTO attendance VALUES (NULL,201703586,'2020-11-18 16:30:00','G102');
INSERT INTO attendance VALUES (NULL,201703586,'2020-11-24 15:00:00','G101');
INSERT INTO attendance VALUES (NULL,201703586,'2020-11-25 16:30:00','G102');
INSERT INTO attendance VALUES (NULL,201703586,'2020-12-01 15:00:00','G101');
INSERT INTO attendance VALUES (NULL,201703586,'2020-12-02 16:30:00','G102');
INSERT INTO attendance VALUES (NULL,201703586,'2020-12-08 15:00:00','G101');
INSERT INTO attendance VALUES (NULL,201703586,'2020-12-09 16:30:00','G102');
INSERT INTO attendance VALUES (NULL,201703586,'2020-12-15 15:00:00','G101');
INSERT INTO attendance VALUES (NULL,201703586,'2020-12-16 16:30:00','G102');
INSERT INTO attendance VALUES (NULL,201703588,'2020-09-29 15:00:00','G101');
INSERT INTO attendance VALUES (NULL,201703588,'2020-09-30 16:30:00','G102');
INSERT INTO attendance VALUES (NULL,201703588,'2020-10-06 15:00:00','G101');
INSERT INTO attendance VALUES (NULL,201703588,'2020-10-07 16:30:00','G102');
INSERT INTO attendance VALUES (NULL,201703588,'2020-10-13 15:00:00','G101');
INSERT INTO attendance VALUES (NULL,201703588,'2020-10-14 16:30:00','G102');
INSERT INTO attendance VALUES (NULL,201703588,'2020-10-20 15:00:00','G101');
INSERT INTO attendance VALUES (NULL,201703588,'2020-10-21 16:30:00','G102');
INSERT INTO attendance VALUES (NULL,201703588,'2020-10-27 15:00:00','G101');
INSERT INTO attendance VALUES (NULL,201703588,'2020-10-28 16:30:00','G102');
INSERT INTO attendance VALUES (NULL,201703588,'2020-11-03 15:00:00','G101');
INSERT INTO attendance VALUES (NULL,201703588,'2020-11-04 16:30:00','G102');
INSERT INTO attendance VALUES (NULL,201703588,'2020-11-10 15:00:00','G101');
INSERT INTO attendance VALUES (NULL,201703588,'2020-11-11 16:30:00','G102');
INSERT INTO attendance VALUES (NULL,201703588,'2020-11-17 15:00:00','G101');
INSERT INTO attendance VALUES (NULL,201703588,'2020-11-18 16:30:00','G102');
INSERT INTO attendance VALUES (NULL,201703588,'2020-11-24 15:00:00','G101');
INSERT INTO attendance VALUES (NULL,201703588,'2020-11-25 16:30:00','G102');
INSERT INTO attendance VALUES (NULL,201703588,'2020-12-01 15:00:00','G101');
INSERT INTO attendance VALUES (NULL,201703588,'2020-12-02 16:30:00','G102');
INSERT INTO attendance VALUES (NULL,201703588,'2020-12-08 15:00:00','G101');
INSERT INTO attendance VALUES (NULL,201703588,'2020-12-09 16:30:00','G102');
INSERT INTO attendance VALUES (NULL,201703588,'2020-12-15 15:00:00','G101');
INSERT INTO attendance VALUES (NULL,201703588,'2020-12-16 16:30:00','G102');
INSERT INTO attendance VALUES (NULL,201703590,'2020-09-29 15:00:00','G101');
INSERT INTO attendance VALUES (NULL,201703590,'2020-09-30 16:30:00','G102');
INSERT INTO attendance VALUES (NULL,201703590,'2020-10-06 15:00:00','G101');
INSERT INTO attendance VALUES (NULL,201703590,'2020-10-07 16:30:00','G102');
INSERT INTO attendance VALUES (NULL,201703590,'2020-10-13 15:00:00','G101');
INSERT INTO attendance VALUES (NULL,201703590,'2020-10-14 16:30:00','G102');
INSERT INTO attendance VALUES (NULL,201703590,'2020-10-20 15:00:00','G101');
INSERT INTO attendance VALUES (NULL,201703590,'2020-10-21 16:30:00','G102');
INSERT INTO attendance VALUES (NULL,201703590,'2020-10-27 15:00:00','G101');
INSERT INTO attendance VALUES (NULL,201703590,'2020-10-28 16:30:00','G102');
INSERT INTO attendance VALUES (NULL,201703590,'2020-11-03 15:00:00','G101');
INSERT INTO attendance VALUES (NULL,201703590,'2020-11-04 16:30:00','G102');
INSERT INTO attendance VALUES (NULL,201703590,'2020-11-10 15:00:00','G101');
INSERT INTO attendance VALUES (NULL,201703590,'2020-11-11 16:30:00','G102');
INSERT INTO attendance VALUES (NULL,201703590,'2020-11-17 15:00:00','G101');
INSERT INTO attendance VALUES (NULL,201703590,'2020-11-18 16:30:00','G102');
INSERT INTO attendance VALUES (NULL,201703590,'2020-11-24 15:00:00','G101');
INSERT INTO attendance VALUES (NULL,201703590,'2020-11-25 16:30:00','G102');
INSERT INTO attendance VALUES (NULL,201703590,'2020-12-01 15:00:00','G101');
INSERT INTO attendance VALUES (NULL,201703590,'2020-12-02 16:30:00','G102');
INSERT INTO attendance VALUES (NULL,201703590,'2020-12-08 15:00:00','G101');
INSERT INTO attendance VALUES (NULL,201703590,'2020-12-09 16:30:00','G102');
INSERT INTO attendance VALUES (NULL,201703590,'2020-12-15 15:00:00','G101');
INSERT INTO attendance VALUES (NULL,201703590,'2020-12-16 16:30:00','G102');
INSERT INTO attendance VALUES (NULL,201703592,'2020-09-29 15:00:00','G101');
INSERT INTO attendance VALUES (NULL,201703592,'2020-09-30 16:30:00','G102');
INSERT INTO attendance VALUES (NULL,201703592,'2020-10-06 15:00:00','G101');
INSERT INTO attendance VALUES (NULL,201703592,'2020-10-07 16:30:00','G102');
INSERT INTO attendance VALUES (NULL,201703592,'2020-10-13 15:00:00','G101');
INSERT INTO attendance VALUES (NULL,201703592,'2020-10-14 16:30:00','G102');
INSERT INTO attendance VALUES (NULL,201703592,'2020-10-20 15:00:00','G101');
INSERT INTO attendance VALUES (NULL,201703592,'2020-10-21 16:30:00','G102');
INSERT INTO attendance VALUES (NULL,201703592,'2020-10-27 15:00:00','G101');
INSERT INTO attendance VALUES (NULL,201703592,'2020-10-28 16:30:00','G102');
INSERT INTO attendance VALUES (NULL,201703592,'2020-11-03 15:00:00','G101');
INSERT INTO attendance VALUES (NULL,201703592,'2020-11-04 16:30:00','G102');
INSERT INTO attendance VALUES (NULL,201703592,'2020-11-10 15:00:00','G101');
INSERT INTO attendance VALUES (NULL,201703592,'2020-11-11 16:30:00','G102');
INSERT INTO attendance VALUES (NULL,201703592,'2020-11-17 15:00:00','G101');
INSERT INTO attendance VALUES (NULL,201703592,'2020-11-18 16:30:00','G102');
INSERT INTO attendance VALUES (NULL,201703592,'2020-11-24 15:00:00','G101');
INSERT INTO attendance VALUES (NULL,201703592,'2020-11-25 16:30:00','G102');
INSERT INTO attendance VALUES (NULL,201703592,'2020-12-01 15:00:00','G101');
INSERT INTO attendance VALUES (NULL,201703592,'2020-12-02 16:30:00','G102');
INSERT INTO attendance VALUES (NULL,201703592,'2020-12-08 15:00:00','G101');
INSERT INTO attendance VALUES (NULL,201703592,'2020-12-09 16:30:00','G102');
INSERT INTO attendance VALUES (NULL,201703592,'2020-12-15 15:00:00','G101');
INSERT INTO attendance VALUES (NULL,201703592,'2020-12-16 16:30:00','G102');
INSERT INTO attendance VALUES (NULL,201703594,'2020-09-29 15:00:00','G101');
INSERT INTO attendance VALUES (NULL,201703594,'2020-09-30 16:30:00','G102');
INSERT INTO attendance VALUES (NULL,201703594,'2020-10-06 15:00:00','G101');
INSERT INTO attendance VALUES (NULL,201703594,'2020-10-07 16:30:00','G102');
INSERT INTO attendance VALUES (NULL,201703594,'2020-10-13 15:00:00','G101');
INSERT INTO attendance VALUES (NULL,201703594,'2020-10-14 16:30:00','G102');
INSERT INTO attendance VALUES (NULL,201703594,'2020-10-20 15:00:00','G101');
INSERT INTO attendance VALUES (NULL,201703594,'2020-10-21 16:30:00','G102');
INSERT INTO attendance VALUES (NULL,201703594,'2020-10-27 15:00:00','G101');
INSERT INTO attendance VALUES (NULL,201703594,'2020-10-28 16:30:00','G102');
INSERT INTO attendance VALUES (NULL,201703594,'2020-11-03 15:00:00','G101');
INSERT INTO attendance VALUES (NULL,201703594,'2020-11-04 16:30:00','G102');
INSERT INTO attendance VALUES (NULL,201703594,'2020-11-10 15:00:00','G101');
INSERT INTO attendance VALUES (NULL,201703594,'2020-11-11 16:30:00','G102');
INSERT INTO attendance VALUES (NULL,201703594,'2020-11-17 15:00:00','G101');
INSERT INTO attendance VALUES (NULL,201703594,'2020-11-18 16:30:00','G102');
INSERT INTO attendance VALUES (NULL,201703594,'2020-11-24 15:00:00','G101');
INSERT INTO attendance VALUES (NULL,201703594,'2020-11-25 16:30:00','G102');
INSERT INTO attendance VALUES (NULL,201703594,'2020-12-01 15:00:00','G101');
INSERT INTO attendance VALUES (NULL,201703594,'2020-12-02 16:30:00','G102');
INSERT INTO attendance VALUES (NULL,201703594,'2020-12-08 15:00:00','G101');
INSERT INTO attendance VALUES (NULL,201703594,'2020-12-09 16:30:00','G102');
INSERT INTO attendance VALUES (NULL,201703594,'2020-12-15 15:00:00','G101');
INSERT INTO attendance VALUES (NULL,201703594,'2020-12-16 16:30:00','G102');
INSERT INTO attendance VALUES (NULL,201703596,'2020-09-29 15:00:00','G101');
INSERT INTO attendance VALUES (NULL,201703596,'2020-09-30 16:30:00','G102');
INSERT INTO attendance VALUES (NULL,201703596,'2020-10-06 15:00:00','G101');
INSERT INTO attendance VALUES (NULL,201703596,'2020-10-07 16:30:00','G102');
INSERT INTO attendance VALUES (NULL,201703596,'2020-10-13 15:00:00','G101');
INSERT INTO attendance VALUES (NULL,201703596,'2020-10-14 16:30:00','G102');
INSERT INTO attendance VALUES (NULL,201703596,'2020-10-20 15:00:00','G101');
INSERT INTO attendance VALUES (NULL,201703596,'2020-10-21 16:30:00','G102');
INSERT INTO attendance VALUES (NULL,201703596,'2020-10-27 15:00:00','G101');
INSERT INTO attendance VALUES (NULL,201703596,'2020-10-28 16:30:00','G102');
INSERT INTO attendance VALUES (NULL,201703596,'2020-11-03 15:00:00','G101');
INSERT INTO attendance VALUES (NULL,201703596,'2020-11-04 16:30:00','G102');
INSERT INTO attendance VALUES (NULL,201703596,'2020-11-10 15:00:00','G101');
INSERT INTO attendance VALUES (NULL,201703596,'2020-11-11 16:30:00','G102');
INSERT INTO attendance VALUES (NULL,201703596,'2020-11-17 15:00:00','G101');
INSERT INTO attendance VALUES (NULL,201703596,'2020-11-18 16:30:00','G102');
INSERT INTO attendance VALUES (NULL,201703596,'2020-11-24 15:00:00','G101');
INSERT INTO attendance VALUES (NULL,201703596,'2020-11-25 16:30:00','G102');
INSERT INTO attendance VALUES (NULL,201703596,'2020-12-01 15:00:00','G101');
INSERT INTO attendance VALUES (NULL,201703596,'2020-12-02 16:30:00','G102');
INSERT INTO attendance VALUES (NULL,201703596,'2020-12-08 15:00:00','G101');
INSERT INTO attendance VALUES (NULL,201703596,'2020-12-09 16:30:00','G102');
INSERT INTO attendance VALUES (NULL,201703596,'2020-12-15 15:00:00','G101');
INSERT INTO attendance VALUES (NULL,201703596,'2020-12-16 16:30:00','G102');
INSERT INTO attendance VALUES (NULL,201703598,'2020-09-29 15:00:00','G101');
INSERT INTO attendance VALUES (NULL,201703598,'2020-09-30 16:30:00','G102');
INSERT INTO attendance VALUES (NULL,201703598,'2020-10-06 15:00:00','G101');
INSERT INTO attendance VALUES (NULL,201703598,'2020-10-07 16:30:00','G102');
INSERT INTO attendance VALUES (NULL,201703598,'2020-10-13 15:00:00','G101');
INSERT INTO attendance VALUES (NULL,201703598,'2020-10-14 16:30:00','G102');
INSERT INTO attendance VALUES (NULL,201703598,'2020-10-20 15:00:00','G101');
INSERT INTO attendance VALUES (NULL,201703598,'2020-10-21 16:30:00','G102');
INSERT INTO attendance VALUES (NULL,201703598,'2020-10-27 15:00:00','G101');
INSERT INTO attendance VALUES (NULL,201703598,'2020-10-28 16:30:00','G102');
INSERT INTO attendance VALUES (NULL,201703598,'2020-11-03 15:00:00','G101');
INSERT INTO attendance VALUES (NULL,201703598,'2020-11-04 16:30:00','G102');
INSERT INTO attendance VALUES (NULL,201703598,'2020-11-10 15:00:00','G101');
INSERT INTO attendance VALUES (NULL,201703598,'2020-11-11 16:30:00','G102');
INSERT INTO attendance VALUES (NULL,201703598,'2020-11-17 15:00:00','G101');
INSERT INTO attendance VALUES (NULL,201703598,'2020-11-18 16:30:00','G102');
INSERT INTO attendance VALUES (NULL,201703598,'2020-11-24 15:00:00','G101');
INSERT INTO attendance VALUES (NULL,201703598,'2020-11-25 16:30:00','G102');
INSERT INTO attendance VALUES (NULL,201703598,'2020-12-01 15:00:00','G101');
INSERT INTO attendance VALUES (NULL,201703598,'2020-12-02 16:30:00','G102');
INSERT INTO attendance VALUES (NULL,201703598,'2020-12-08 15:00:00','G101');
INSERT INTO attendance VALUES (NULL,201703598,'2020-12-09 16:30:00','G102');
INSERT INTO attendance VALUES (NULL,201703598,'2020-12-15 15:00:00','G101');
INSERT INTO attendance VALUES (NULL,201703598,'2020-12-16 16:30:00','G102');
INSERT INTO attendance VALUES (NULL,201703600,'2020-09-29 15:00:00','G101');
INSERT INTO attendance VALUES (NULL,201703600,'2020-09-30 16:30:00','G102');
INSERT INTO attendance VALUES (NULL,201703600,'2020-10-06 15:00:00','G101');
INSERT INTO attendance VALUES (NULL,201703600,'2020-10-07 16:30:00','G102');
INSERT INTO attendance VALUES (NULL,201703600,'2020-10-13 15:00:00','G101');
INSERT INTO attendance VALUES (NULL,201703600,'2020-10-14 16:30:00','G102');
INSERT INTO attendance VALUES (NULL,201703600,'2020-10-20 15:00:00','G101');
INSERT INTO attendance VALUES (NULL,201703600,'2020-10-21 16:30:00','G102');
INSERT INTO attendance VALUES (NULL,201703600,'2020-10-27 15:00:00','G101');
INSERT INTO attendance VALUES (NULL,201703600,'2020-10-28 16:30:00','G102');
INSERT INTO attendance VALUES (NULL,201703600,'2020-11-03 15:00:00','G101');
INSERT INTO attendance VALUES (NULL,201703600,'2020-11-04 16:30:00','G102');
INSERT INTO attendance VALUES (NULL,201703600,'2020-11-10 15:00:00','G101');
INSERT INTO attendance VALUES (NULL,201703600,'2020-11-11 16:30:00','G102');
INSERT INTO attendance VALUES (NULL,201703600,'2020-11-17 15:00:00','G101');
INSERT INTO attendance VALUES (NULL,201703600,'2020-11-18 16:30:00','G102');
INSERT INTO attendance VALUES (NULL,201703600,'2020-11-24 15:00:00','G101');
INSERT INTO attendance VALUES (NULL,201703600,'2020-11-25 16:30:00','G102');
INSERT INTO attendance VALUES (NULL,201703600,'2020-12-01 15:00:00','G101');
INSERT INTO attendance VALUES (NULL,201703600,'2020-12-02 16:30:00','G102');
INSERT INTO attendance VALUES (NULL,201703600,'2020-12-08 15:00:00','G101');
INSERT INTO attendance VALUES (NULL,201703600,'2020-12-09 16:30:00','G102');
INSERT INTO attendance VALUES (NULL,201703600,'2020-12-15 15:00:00','G101');
INSERT INTO attendance VALUES (NULL,201703600,'2020-12-16 16:30:00','G102');
INSERT INTO attendance VALUES (NULL,201703602,'2020-09-29 15:00:00','G101');
INSERT INTO attendance VALUES (NULL,201703602,'2020-09-30 16:30:00','G102');
INSERT INTO attendance VALUES (NULL,201703602,'2020-10-06 15:00:00','G101');
INSERT INTO attendance VALUES (NULL,201703602,'2020-10-07 16:30:00','G102');
INSERT INTO attendance VALUES (NULL,201703602,'2020-10-13 15:00:00','G101');
INSERT INTO attendance VALUES (NULL,201703602,'2020-10-14 16:30:00','G102');
INSERT INTO attendance VALUES (NULL,201703602,'2020-10-20 15:00:00','G101');
INSERT INTO attendance VALUES (NULL,201703602,'2020-10-21 16:30:00','G102');
INSERT INTO attendance VALUES (NULL,201703602,'2020-10-27 15:00:00','G101');
INSERT INTO attendance VALUES (NULL,201703602,'2020-10-28 16:30:00','G102');
INSERT INTO attendance VALUES (NULL,201703602,'2020-11-03 15:00:00','G101');
INSERT INTO attendance VALUES (NULL,201703602,'2020-11-04 16:30:00','G102');
INSERT INTO attendance VALUES (NULL,201703602,'2020-11-10 15:00:00','G101');
INSERT INTO attendance VALUES (NULL,201703602,'2020-11-11 16:30:00','G102');
INSERT INTO attendance VALUES (NULL,201703602,'2020-11-17 15:00:00','G101');
INSERT INTO attendance VALUES (NULL,201703602,'2020-11-18 16:30:00','G102');
INSERT INTO attendance VALUES (NULL,201703602,'2020-11-24 15:00:00','G101');
INSERT INTO attendance VALUES (NULL,201703602,'2020-11-25 16:30:00','G102');
INSERT INTO attendance VALUES (NULL,201703602,'2020-12-01 15:00:00','G101');
INSERT INTO attendance VALUES (NULL,201703602,'2020-12-02 16:30:00','G102');
INSERT INTO attendance VALUES (NULL,201703602,'2020-12-08 15:00:00','G101');
INSERT INTO attendance VALUES (NULL,201703602,'2020-12-09 16:30:00','G102');
INSERT INTO attendance VALUES (NULL,201703602,'2020-12-15 15:00:00','G101');
INSERT INTO attendance VALUES (NULL,201703602,'2020-12-16 16:30:00','G102');
INSERT INTO attendance VALUES (NULL,201703604,'2020-09-29 15:00:00','G101');
INSERT INTO attendance VALUES (NULL,201703604,'2020-09-30 16:30:00','G102');
INSERT INTO attendance VALUES (NULL,201703604,'2020-10-06 15:00:00','G101');
INSERT INTO attendance VALUES (NULL,201703604,'2020-10-07 16:30:00','G102');
INSERT INTO attendance VALUES (NULL,201703604,'2020-10-13 15:00:00','G101');
INSERT INTO attendance VALUES (NULL,201703604,'2020-10-14 16:30:00','G102');
INSERT INTO attendance VALUES (NULL,201703604,'2020-10-20 15:00:00','G101');
INSERT INTO attendance VALUES (NULL,201703604,'2020-10-21 16:30:00','G102');
INSERT INTO attendance VALUES (NULL,201703604,'2020-10-27 15:00:00','G101');
INSERT INTO attendance VALUES (NULL,201703604,'2020-10-28 16:30:00','G102');
INSERT INTO attendance VALUES (NULL,201703604,'2020-11-03 15:00:00','G101');
INSERT INTO attendance VALUES (NULL,201703604,'2020-11-04 16:30:00','G102');
INSERT INTO attendance VALUES (NULL,201703604,'2020-11-10 15:00:00','G101');
INSERT INTO attendance VALUES (NULL,201703604,'2020-11-11 16:30:00','G102');
INSERT INTO attendance VALUES (NULL,201703604,'2020-11-17 15:00:00','G101');
INSERT INTO attendance VALUES (NULL,201703604,'2020-11-18 16:30:00','G102');
INSERT INTO attendance VALUES (NULL,201703604,'2020-11-24 15:00:00','G101');
INSERT INTO attendance VALUES (NULL,201703604,'2020-11-25 16:30:00','G102');
INSERT INTO attendance VALUES (NULL,201703604,'2020-12-01 15:00:00','G101');
INSERT INTO attendance VALUES (NULL,201703604,'2020-12-02 16:30:00','G102');
INSERT INTO attendance VALUES (NULL,201703604,'2020-12-08 15:00:00','G101');
INSERT INTO attendance VALUES (NULL,201703604,'2020-12-09 16:30:00','G102');
INSERT INTO attendance VALUES (NULL,201703604,'2020-12-15 15:00:00','G101');
INSERT INTO attendance VALUES (NULL,201703604,'2020-12-16 16:30:00','G102');
INSERT INTO attendance VALUES (NULL,201703606,'2020-09-29 15:00:00','G101');
INSERT INTO attendance VALUES (NULL,201703606,'2020-09-30 16:30:00','G102');
INSERT INTO attendance VALUES (NULL,201703606,'2020-10-06 15:00:00','G101');
INSERT INTO attendance VALUES (NULL,201703606,'2020-10-07 16:30:00','G102');
INSERT INTO attendance VALUES (NULL,201703606,'2020-10-13 15:00:00','G101');
INSERT INTO attendance VALUES (NULL,201703606,'2020-10-14 16:30:00','G102');
INSERT INTO attendance VALUES (NULL,201703606,'2020-10-20 15:00:00','G101');
INSERT INTO attendance VALUES (NULL,201703606,'2020-10-21 16:30:00','G102');
INSERT INTO attendance VALUES (NULL,201703606,'2020-10-27 15:00:00','G101');
INSERT INTO attendance VALUES (NULL,201703606,'2020-10-28 16:30:00','G102');
INSERT INTO attendance VALUES (NULL,201703606,'2020-11-03 15:00:00','G101');
INSERT INTO attendance VALUES (NULL,201703606,'2020-11-04 16:30:00','G102');
INSERT INTO attendance VALUES (NULL,201703606,'2020-11-10 15:00:00','G101');
INSERT INTO attendance VALUES (NULL,201703606,'2020-11-11 16:30:00','G102');
INSERT INTO attendance VALUES (NULL,201703606,'2020-11-17 15:00:00','G101');
INSERT INTO attendance VALUES (NULL,201703606,'2020-11-18 16:30:00','G102');
INSERT INTO attendance VALUES (NULL,201703606,'2020-11-24 15:00:00','G101');
INSERT INTO attendance VALUES (NULL,201703606,'2020-11-25 16:30:00','G102');
INSERT INTO attendance VALUES (NULL,201703606,'2020-12-01 15:00:00','G101');
INSERT INTO attendance VALUES (NULL,201703606,'2020-12-02 16:30:00','G102');
INSERT INTO attendance VALUES (NULL,201703606,'2020-12-08 15:00:00','G101');
INSERT INTO attendance VALUES (NULL,201703606,'2020-12-09 16:30:00','G102');
INSERT INTO attendance VALUES (NULL,201703606,'2020-12-15 15:00:00','G101');
INSERT INTO attendance VALUES (NULL,201703606,'2020-12-16 16:30:00','G102');
INSERT INTO attendance VALUES (NULL,201703608,'2020-09-29 15:00:00','G101');
INSERT INTO attendance VALUES (NULL,201703608,'2020-09-30 16:30:00','G102');
INSERT INTO attendance VALUES (NULL,201703608,'2020-10-06 15:00:00','G101');
INSERT INTO attendance VALUES (NULL,201703608,'2020-10-07 16:30:00','G102');
INSERT INTO attendance VALUES (NULL,201703608,'2020-10-13 15:00:00','G101');
INSERT INTO attendance VALUES (NULL,201703608,'2020-10-14 16:30:00','G102');
INSERT INTO attendance VALUES (NULL,201703608,'2020-10-20 15:00:00','G101');
INSERT INTO attendance VALUES (NULL,201703608,'2020-10-21 16:30:00','G102');
INSERT INTO attendance VALUES (NULL,201703608,'2020-10-27 15:00:00','G101');
INSERT INTO attendance VALUES (NULL,201703608,'2020-10-28 16:30:00','G102');
INSERT INTO attendance VALUES (NULL,201703608,'2020-11-03 15:00:00','G101');
INSERT INTO attendance VALUES (NULL,201703608,'2020-11-04 16:30:00','G102');
INSERT INTO attendance VALUES (NULL,201703608,'2020-11-10 15:00:00','G101');
INSERT INTO attendance VALUES (NULL,201703608,'2020-11-11 16:30:00','G102');
INSERT INTO attendance VALUES (NULL,201703608,'2020-11-17 15:00:00','G101');
INSERT INTO attendance VALUES (NULL,201703608,'2020-11-18 16:30:00','G102');
INSERT INTO attendance VALUES (NULL,201703608,'2020-11-24 15:00:00','G101');
INSERT INTO attendance VALUES (NULL,201703608,'2020-11-25 16:30:00','G102');
INSERT INTO attendance VALUES (NULL,201703608,'2020-12-01 15:00:00','G101');
INSERT INTO attendance VALUES (NULL,201703608,'2020-12-02 16:30:00','G102');
INSERT INTO attendance VALUES (NULL,201703608,'2020-12-08 15:00:00','G101');
INSERT INTO attendance VALUES (NULL,201703608,'2020-12-09 16:30:00','G102');
INSERT INTO attendance VALUES (NULL,201703608,'2020-12-15 15:00:00','G101');
INSERT INTO attendance VALUES (NULL,201703608,'2020-12-16 16:30:00','G102');
INSERT INTO attendance VALUES (NULL,201703610,'2020-09-29 15:00:00','G101');
INSERT INTO attendance VALUES (NULL,201703610,'2020-09-30 16:30:00','G102');
INSERT INTO attendance VALUES (NULL,201703610,'2020-10-06 15:00:00','G101');
INSERT INTO attendance VALUES (NULL,201703610,'2020-10-07 16:30:00','G102');
INSERT INTO attendance VALUES (NULL,201703610,'2020-10-13 15:00:00','G101');
INSERT INTO attendance VALUES (NULL,201703610,'2020-10-14 16:30:00','G102');
INSERT INTO attendance VALUES (NULL,201703610,'2020-10-20 15:00:00','G101');
INSERT INTO attendance VALUES (NULL,201703610,'2020-10-21 16:30:00','G102');
INSERT INTO attendance VALUES (NULL,201703610,'2020-10-27 15:00:00','G101');
INSERT INTO attendance VALUES (NULL,201703610,'2020-10-28 16:30:00','G102');
INSERT INTO attendance VALUES (NULL,201703610,'2020-11-03 15:00:00','G101');
INSERT INTO attendance VALUES (NULL,201703610,'2020-11-04 16:30:00','G102');
INSERT INTO attendance VALUES (NULL,201703610,'2020-11-10 15:00:00','G101');
INSERT INTO attendance VALUES (NULL,201703610,'2020-11-11 16:30:00','G102');
INSERT INTO attendance VALUES (NULL,201703610,'2020-11-17 15:00:00','G101');
INSERT INTO attendance VALUES (NULL,201703610,'2020-11-18 16:30:00','G102');
INSERT INTO attendance VALUES (NULL,201703610,'2020-11-24 15:00:00','G101');
INSERT INTO attendance VALUES (NULL,201703610,'2020-11-25 16:30:00','G102');
INSERT INTO attendance VALUES (NULL,201703610,'2020-12-01 15:00:00','G101');
INSERT INTO attendance VALUES (NULL,201703610,'2020-12-02 16:30:00','G102');
INSERT INTO attendance VALUES (NULL,201703610,'2020-12-08 15:00:00','G101');
INSERT INTO attendance VALUES (NULL,201703610,'2020-12-09 16:30:00','G102');
INSERT INTO attendance VALUES (NULL,201703610,'2020-12-15 15:00:00','G101');
INSERT INTO attendance VALUES (NULL,201703610,'2020-12-16 16:30:00','G102');
INSERT INTO attendance VALUES (NULL,201703612,'2020-09-29 15:00:00','G101');
INSERT INTO attendance VALUES (NULL,201703612,'2020-09-30 16:30:00','G102');
INSERT INTO attendance VALUES (NULL,201703612,'2020-10-06 15:00:00','G101');
INSERT INTO attendance VALUES (NULL,201703612,'2020-10-07 16:30:00','G102');
INSERT INTO attendance VALUES (NULL,201703612,'2020-10-13 15:00:00','G101');
INSERT INTO attendance VALUES (NULL,201703612,'2020-10-14 16:30:00','G102');
INSERT INTO attendance VALUES (NULL,201703612,'2020-10-20 15:00:00','G101');
INSERT INTO attendance VALUES (NULL,201703612,'2020-10-21 16:30:00','G102');
INSERT INTO attendance VALUES (NULL,201703612,'2020-10-27 15:00:00','G101');
INSERT INTO attendance VALUES (NULL,201703612,'2020-10-28 16:30:00','G102');
INSERT INTO attendance VALUES (NULL,201703612,'2020-11-03 15:00:00','G101');
INSERT INTO attendance VALUES (NULL,201703612,'2020-11-04 16:30:00','G102');
INSERT INTO attendance VALUES (NULL,201703612,'2020-11-10 15:00:00','G101');
INSERT INTO attendance VALUES (NULL,201703612,'2020-11-11 16:30:00','G102');
INSERT INTO attendance VALUES (NULL,201703612,'2020-11-17 15:00:00','G101');
INSERT INTO attendance VALUES (NULL,201703612,'2020-11-18 16:30:00','G102');
INSERT INTO attendance VALUES (NULL,201703612,'2020-11-24 15:00:00','G101');
INSERT INTO attendance VALUES (NULL,201703612,'2020-11-25 16:30:00','G102');
INSERT INTO attendance VALUES (NULL,201703612,'2020-12-01 15:00:00','G101');
INSERT INTO attendance VALUES (NULL,201703612,'2020-12-02 16:30:00','G102');
INSERT INTO attendance VALUES (NULL,201703612,'2020-12-08 15:00:00','G101');
INSERT INTO attendance VALUES (NULL,201703612,'2020-12-09 16:30:00','G102');
INSERT INTO attendance VALUES (NULL,201703612,'2020-12-15 15:00:00','G101');
INSERT INTO attendance VALUES (NULL,201703612,'2020-12-16 16:30:00','G102');
INSERT INTO attendance VALUES (NULL,201703614,'2020-09-29 15:00:00','G101');
INSERT INTO attendance VALUES (NULL,201703614,'2020-09-30 16:30:00','G102');
INSERT INTO attendance VALUES (NULL,201703614,'2020-10-06 15:00:00','G101');
INSERT INTO attendance VALUES (NULL,201703614,'2020-10-07 16:30:00','G102');
INSERT INTO attendance VALUES (NULL,201703614,'2020-10-13 15:00:00','G101');
INSERT INTO attendance VALUES (NULL,201703614,'2020-10-14 16:30:00','G102');
INSERT INTO attendance VALUES (NULL,201703614,'2020-10-20 15:00:00','G101');
INSERT INTO attendance VALUES (NULL,201703614,'2020-10-21 16:30:00','G102');
INSERT INTO attendance VALUES (NULL,201703614,'2020-10-27 15:00:00','G101');
INSERT INTO attendance VALUES (NULL,201703614,'2020-10-28 16:30:00','G102');
INSERT INTO attendance VALUES (NULL,201703614,'2020-11-03 15:00:00','G101');
INSERT INTO attendance VALUES (NULL,201703614,'2020-11-04 16:30:00','G102');
INSERT INTO attendance VALUES (NULL,201703614,'2020-11-10 15:00:00','G101');
INSERT INTO attendance VALUES (NULL,201703614,'2020-11-11 16:30:00','G102');
INSERT INTO attendance VALUES (NULL,201703614,'2020-11-17 15:00:00','G101');
INSERT INTO attendance VALUES (NULL,201703614,'2020-11-18 16:30:00','G102');
INSERT INTO attendance VALUES (NULL,201703614,'2020-11-24 15:00:00','G101');
INSERT INTO attendance VALUES (NULL,201703614,'2020-11-25 16:30:00','G102');
INSERT INTO attendance VALUES (NULL,201703614,'2020-12-01 15:00:00','G101');
INSERT INTO attendance VALUES (NULL,201703614,'2020-12-02 16:30:00','G102');
INSERT INTO attendance VALUES (NULL,201703614,'2020-12-08 15:00:00','G101');
INSERT INTO attendance VALUES (NULL,201703614,'2020-12-09 16:30:00','G102');
INSERT INTO attendance VALUES (NULL,201703614,'2020-12-15 15:00:00','G101');
INSERT INTO attendance VALUES (NULL,201703614,'2020-12-16 16:30:00','G102');
INSERT INTO attendance VALUES (NULL,201703616,'2020-09-29 15:00:00','G101');
INSERT INTO attendance VALUES (NULL,201703616,'2020-09-30 16:30:00','G102');
INSERT INTO attendance VALUES (NULL,201703616,'2020-10-06 15:00:00','G101');
INSERT INTO attendance VALUES (NULL,201703616,'2020-10-07 16:30:00','G102');
INSERT INTO attendance VALUES (NULL,201703616,'2020-10-13 15:00:00','G101');
INSERT INTO attendance VALUES (NULL,201703616,'2020-10-14 16:30:00','G102');
INSERT INTO attendance VALUES (NULL,201703616,'2020-10-20 15:00:00','G101');
INSERT INTO attendance VALUES (NULL,201703616,'2020-10-21 16:30:00','G102');
INSERT INTO attendance VALUES (NULL,201703616,'2020-10-27 15:00:00','G101');
INSERT INTO attendance VALUES (NULL,201703616,'2020-10-28 16:30:00','G102');
INSERT INTO attendance VALUES (NULL,201703616,'2020-11-03 15:00:00','G101');
INSERT INTO attendance VALUES (NULL,201703616,'2020-11-04 16:30:00','G102');
INSERT INTO attendance VALUES (NULL,201703616,'2020-11-10 15:00:00','G101');
INSERT INTO attendance VALUES (NULL,201703616,'2020-11-11 16:30:00','G102');
INSERT INTO attendance VALUES (NULL,201703616,'2020-11-17 15:00:00','G101');
INSERT INTO attendance VALUES (NULL,201703616,'2020-11-18 16:30:00','G102');
INSERT INTO attendance VALUES (NULL,201703616,'2020-11-24 15:00:00','G101');
INSERT INTO attendance VALUES (NULL,201703616,'2020-11-25 16:30:00','G102');
INSERT INTO attendance VALUES (NULL,201703616,'2020-12-01 15:00:00','G101');
INSERT INTO attendance VALUES (NULL,201703616,'2020-12-02 16:30:00','G102');
INSERT INTO attendance VALUES (NULL,201703616,'2020-12-08 15:00:00','G101');
INSERT INTO attendance VALUES (NULL,201703616,'2020-12-09 16:30:00','G102');
INSERT INTO attendance VALUES (NULL,201703616,'2020-12-15 15:00:00','G101');
INSERT INTO attendance VALUES (NULL,201703616,'2020-12-16 16:30:00','G102');
INSERT INTO attendance VALUES (NULL,201703618,'2020-09-29 15:00:00','G101');
INSERT INTO attendance VALUES (NULL,201703618,'2020-09-30 16:30:00','G102');
INSERT INTO attendance VALUES (NULL,201703618,'2020-10-06 15:00:00','G101');
INSERT INTO attendance VALUES (NULL,201703618,'2020-10-07 16:30:00','G102');
INSERT INTO attendance VALUES (NULL,201703618,'2020-10-13 15:00:00','G101');
INSERT INTO attendance VALUES (NULL,201703618,'2020-10-14 16:30:00','G102');
INSERT INTO attendance VALUES (NULL,201703618,'2020-10-20 15:00:00','G101');
INSERT INTO attendance VALUES (NULL,201703618,'2020-10-21 16:30:00','G102');
INSERT INTO attendance VALUES (NULL,201703618,'2020-10-27 15:00:00','G101');
INSERT INTO attendance VALUES (NULL,201703618,'2020-10-28 16:30:00','G102');
INSERT INTO attendance VALUES (NULL,201703618,'2020-11-03 15:00:00','G101');
INSERT INTO attendance VALUES (NULL,201703618,'2020-11-04 16:30:00','G102');
INSERT INTO attendance VALUES (NULL,201703618,'2020-11-10 15:00:00','G101');
INSERT INTO attendance VALUES (NULL,201703618,'2020-11-11 16:30:00','G102');
INSERT INTO attendance VALUES (NULL,201703618,'2020-11-17 15:00:00','G101');
INSERT INTO attendance VALUES (NULL,201703618,'2020-11-18 16:30:00','G102');
INSERT INTO attendance VALUES (NULL,201703618,'2020-11-24 15:00:00','G101');
INSERT INTO attendance VALUES (NULL,201703618,'2020-11-25 16:30:00','G102');
INSERT INTO attendance VALUES (NULL,201703618,'2020-12-01 15:00:00','G101');
INSERT INTO attendance VALUES (NULL,201703618,'2020-12-02 16:30:00','G102');
INSERT INTO attendance VALUES (NULL,201703618,'2020-12-08 15:00:00','G101');
INSERT INTO attendance VALUES (NULL,201703618,'2020-12-09 16:30:00','G102');
INSERT INTO attendance VALUES (NULL,201703618,'2020-12-15 15:00:00','G101');
INSERT INTO attendance VALUES (NULL,201703618,'2020-12-16 16:30:00','G102');
INSERT INTO attendance VALUES (NULL,201703620,'2020-09-29 15:00:00','G101');
INSERT INTO attendance VALUES (NULL,201703620,'2020-09-30 16:30:00','G102');
INSERT INTO attendance VALUES (NULL,201703620,'2020-10-06 15:00:00','G101');
INSERT INTO attendance VALUES (NULL,201703620,'2020-10-07 16:30:00','G102');
INSERT INTO attendance VALUES (NULL,201703620,'2020-10-13 15:00:00','G101');
INSERT INTO attendance VALUES (NULL,201703620,'2020-10-14 16:30:00','G102');
INSERT INTO attendance VALUES (NULL,201703620,'2020-10-20 15:00:00','G101');
INSERT INTO attendance VALUES (NULL,201703620,'2020-10-21 16:30:00','G102');
INSERT INTO attendance VALUES (NULL,201703620,'2020-10-27 15:00:00','G101');
INSERT INTO attendance VALUES (NULL,201703620,'2020-10-28 16:30:00','G102');
INSERT INTO attendance VALUES (NULL,201703620,'2020-11-03 15:00:00','G101');
INSERT INTO attendance VALUES (NULL,201703620,'2020-11-04 16:30:00','G102');
INSERT INTO attendance VALUES (NULL,201703620,'2020-11-10 15:00:00','G101');
INSERT INTO attendance VALUES (NULL,201703620,'2020-11-11 16:30:00','G102');
INSERT INTO attendance VALUES (NULL,201703620,'2020-11-17 15:00:00','G101');
INSERT INTO attendance VALUES (NULL,201703620,'2020-11-18 16:30:00','G102');
INSERT INTO attendance VALUES (NULL,201703620,'2020-11-24 15:00:00','G101');
INSERT INTO attendance VALUES (NULL,201703620,'2020-11-25 16:30:00','G102');
INSERT INTO attendance VALUES (NULL,201703620,'2020-12-01 15:00:00','G101');
INSERT INTO attendance VALUES (NULL,201703620,'2020-12-02 16:30:00','G102');
INSERT INTO attendance VALUES (NULL,201703620,'2020-12-08 15:00:00','G101');
INSERT INTO attendance VALUES (NULL,201703620,'2020-12-09 16:30:00','G102');
INSERT INTO attendance VALUES (NULL,201703620,'2020-12-15 15:00:00','G101');
INSERT INTO attendance VALUES (NULL,201703620,'2020-12-16 16:30:00','G102');
INSERT INTO attendance VALUES (NULL,201703622,'2020-09-29 15:00:00','G101');
INSERT INTO attendance VALUES (NULL,201703622,'2020-09-30 16:30:00','G102');
INSERT INTO attendance VALUES (NULL,201703622,'2020-10-06 15:00:00','G101');
INSERT INTO attendance VALUES (NULL,201703622,'2020-10-07 16:30:00','G102');
INSERT INTO attendance VALUES (NULL,201703622,'2020-10-13 15:00:00','G101');
INSERT INTO attendance VALUES (NULL,201703622,'2020-10-14 16:30:00','G102');
INSERT INTO attendance VALUES (NULL,201703622,'2020-10-20 15:00:00','G101');
INSERT INTO attendance VALUES (NULL,201703622,'2020-10-21 16:30:00','G102');
INSERT INTO attendance VALUES (NULL,201703622,'2020-10-27 15:00:00','G101');
INSERT INTO attendance VALUES (NULL,201703622,'2020-10-28 16:30:00','G102');
INSERT INTO attendance VALUES (NULL,201703622,'2020-11-03 15:00:00','G101');
INSERT INTO attendance VALUES (NULL,201703622,'2020-11-04 16:30:00','G102');
INSERT INTO attendance VALUES (NULL,201703622,'2020-11-10 15:00:00','G101');
INSERT INTO attendance VALUES (NULL,201703622,'2020-11-11 16:30:00','G102');
INSERT INTO attendance VALUES (NULL,201703622,'2020-11-17 15:00:00','G101');
INSERT INTO attendance VALUES (NULL,201703622,'2020-11-18 16:30:00','G102');
INSERT INTO attendance VALUES (NULL,201703622,'2020-11-24 15:00:00','G101');
INSERT INTO attendance VALUES (NULL,201703622,'2020-11-25 16:30:00','G102');
INSERT INTO attendance VALUES (NULL,201703622,'2020-12-01 15:00:00','G101');
INSERT INTO attendance VALUES (NULL,201703622,'2020-12-02 16:30:00','G102');
INSERT INTO attendance VALUES (NULL,201703622,'2020-12-08 15:00:00','G101');
INSERT INTO attendance VALUES (NULL,201703622,'2020-12-09 16:30:00','G102');
INSERT INTO attendance VALUES (NULL,201703622,'2020-12-15 15:00:00','G101');
INSERT INTO attendance VALUES (NULL,201703622,'2020-12-16 16:30:00','G102');
INSERT INTO attendance VALUES (NULL,201703624,'2020-09-29 15:00:00','G101');
INSERT INTO attendance VALUES (NULL,201703624,'2020-09-30 16:30:00','G102');
INSERT INTO attendance VALUES (NULL,201703624,'2020-10-06 15:00:00','G101');
INSERT INTO attendance VALUES (NULL,201703624,'2020-10-07 16:30:00','G102');
INSERT INTO attendance VALUES (NULL,201703624,'2020-10-13 15:00:00','G101');
INSERT INTO attendance VALUES (NULL,201703624,'2020-10-14 16:30:00','G102');
INSERT INTO attendance VALUES (NULL,201703624,'2020-10-20 15:00:00','G101');
INSERT INTO attendance VALUES (NULL,201703624,'2020-10-21 16:30:00','G102');
INSERT INTO attendance VALUES (NULL,201703624,'2020-10-27 15:00:00','G101');
INSERT INTO attendance VALUES (NULL,201703624,'2020-10-28 16:30:00','G102');
INSERT INTO attendance VALUES (NULL,201703624,'2020-11-03 15:00:00','G101');
INSERT INTO attendance VALUES (NULL,201703624,'2020-11-04 16:30:00','G102');
INSERT INTO attendance VALUES (NULL,201703624,'2020-11-10 15:00:00','G101');
INSERT INTO attendance VALUES (NULL,201703624,'2020-11-11 16:30:00','G102');
INSERT INTO attendance VALUES (NULL,201703624,'2020-11-17 15:00:00','G101');
INSERT INTO attendance VALUES (NULL,201703624,'2020-11-18 16:30:00','G102');
INSERT INTO attendance VALUES (NULL,201703624,'2020-11-24 15:00:00','G101');
INSERT INTO attendance VALUES (NULL,201703624,'2020-11-25 16:30:00','G102');
INSERT INTO attendance VALUES (NULL,201703624,'2020-12-01 15:00:00','G101');
INSERT INTO attendance VALUES (NULL,201703624,'2020-12-02 16:30:00','G102');
INSERT INTO attendance VALUES (NULL,201703624,'2020-12-08 15:00:00','G101');
INSERT INTO attendance VALUES (NULL,201703624,'2020-12-09 16:30:00','G102');
INSERT INTO attendance VALUES (NULL,201703624,'2020-12-15 15:00:00','G101');
INSERT INTO attendance VALUES (NULL,201703624,'2020-12-16 16:30:00','G102');
INSERT INTO attendance VALUES (NULL,201703626,'2020-09-29 15:00:00','G101');
INSERT INTO attendance VALUES (NULL,201703626,'2020-09-30 16:30:00','G102');
INSERT INTO attendance VALUES (NULL,201703626,'2020-10-06 15:00:00','G101');
INSERT INTO attendance VALUES (NULL,201703626,'2020-10-07 16:30:00','G102');
INSERT INTO attendance VALUES (NULL,201703626,'2020-10-13 15:00:00','G101');
INSERT INTO attendance VALUES (NULL,201703626,'2020-10-14 16:30:00','G102');
INSERT INTO attendance VALUES (NULL,201703626,'2020-10-20 15:00:00','G101');
INSERT INTO attendance VALUES (NULL,201703626,'2020-10-21 16:30:00','G102');
INSERT INTO attendance VALUES (NULL,201703626,'2020-10-27 15:00:00','G101');
INSERT INTO attendance VALUES (NULL,201703626,'2020-10-28 16:30:00','G102');
INSERT INTO attendance VALUES (NULL,201703626,'2020-11-03 15:00:00','G101');
INSERT INTO attendance VALUES (NULL,201703626,'2020-11-04 16:30:00','G102');
INSERT INTO attendance VALUES (NULL,201703626,'2020-11-10 15:00:00','G101');
INSERT INTO attendance VALUES (NULL,201703626,'2020-11-11 16:30:00','G102');
INSERT INTO attendance VALUES (NULL,201703626,'2020-11-17 15:00:00','G101');
INSERT INTO attendance VALUES (NULL,201703626,'2020-11-18 16:30:00','G102');
INSERT INTO attendance VALUES (NULL,201703626,'2020-11-24 15:00:00','G101');
INSERT INTO attendance VALUES (NULL,201703626,'2020-11-25 16:30:00','G102');
INSERT INTO attendance VALUES (NULL,201703626,'2020-12-01 15:00:00','G101');
INSERT INTO attendance VALUES (NULL,201703626,'2020-12-02 16:30:00','G102');
INSERT INTO attendance VALUES (NULL,201703626,'2020-12-08 15:00:00','G101');
INSERT INTO attendance VALUES (NULL,201703626,'2020-12-09 16:30:00','G102');
INSERT INTO attendance VALUES (NULL,201703626,'2020-12-15 15:00:00','G101');
INSERT INTO attendance VALUES (NULL,201703626,'2020-12-16 16:30:00','G102');
INSERT INTO attendance VALUES (NULL,201703628,'2020-09-29 15:00:00','G101');
INSERT INTO attendance VALUES (NULL,201703628,'2020-09-30 16:30:00','G102');
INSERT INTO attendance VALUES (NULL,201703628,'2020-10-06 15:00:00','G101');
INSERT INTO attendance VALUES (NULL,201703628,'2020-10-07 16:30:00','G102');
INSERT INTO attendance VALUES (NULL,201703628,'2020-10-13 15:00:00','G101');
INSERT INTO attendance VALUES (NULL,201703628,'2020-10-14 16:30:00','G102');
INSERT INTO attendance VALUES (NULL,201703628,'2020-10-20 15:00:00','G101');
INSERT INTO attendance VALUES (NULL,201703628,'2020-10-21 16:30:00','G102');
INSERT INTO attendance VALUES (NULL,201703628,'2020-10-27 15:00:00','G101');
INSERT INTO attendance VALUES (NULL,201703628,'2020-10-28 16:30:00','G102');
INSERT INTO attendance VALUES (NULL,201703628,'2020-11-03 15:00:00','G101');
INSERT INTO attendance VALUES (NULL,201703628,'2020-11-04 16:30:00','G102');
INSERT INTO attendance VALUES (NULL,201703628,'2020-11-10 15:00:00','G101');
INSERT INTO attendance VALUES (NULL,201703628,'2020-11-11 16:30:00','G102');
INSERT INTO attendance VALUES (NULL,201703628,'2020-11-17 15:00:00','G101');
INSERT INTO attendance VALUES (NULL,201703628,'2020-11-18 16:30:00','G102');
INSERT INTO attendance VALUES (NULL,201703628,'2020-11-24 15:00:00','G101');
INSERT INTO attendance VALUES (NULL,201703628,'2020-11-25 16:30:00','G102');
INSERT INTO attendance VALUES (NULL,201703628,'2020-12-01 15:00:00','G101');
INSERT INTO attendance VALUES (NULL,201703628,'2020-12-02 16:30:00','G102');
INSERT INTO attendance VALUES (NULL,201703628,'2020-12-08 15:00:00','G101');
INSERT INTO attendance VALUES (NULL,201703628,'2020-12-09 16:30:00','G102');
INSERT INTO attendance VALUES (NULL,201703628,'2020-12-15 15:00:00','G101');
INSERT INTO attendance VALUES (NULL,201703628,'2020-12-16 16:30:00','G102');
INSERT INTO attendance VALUES (NULL,201703630,'2020-09-29 15:00:00','G101');
INSERT INTO attendance VALUES (NULL,201703630,'2020-09-30 16:30:00','G102');
INSERT INTO attendance VALUES (NULL,201703630,'2020-10-06 15:00:00','G101');
INSERT INTO attendance VALUES (NULL,201703630,'2020-10-07 16:30:00','G102');
INSERT INTO attendance VALUES (NULL,201703630,'2020-10-13 15:00:00','G101');
INSERT INTO attendance VALUES (NULL,201703630,'2020-10-14 16:30:00','G102');
INSERT INTO attendance VALUES (NULL,201703630,'2020-10-20 15:00:00','G101');
INSERT INTO attendance VALUES (NULL,201703630,'2020-10-21 16:30:00','G102');
INSERT INTO attendance VALUES (NULL,201703630,'2020-10-27 15:00:00','G101');
INSERT INTO attendance VALUES (NULL,201703630,'2020-10-28 16:30:00','G102');
INSERT INTO attendance VALUES (NULL,201703630,'2020-11-03 15:00:00','G101');
INSERT INTO attendance VALUES (NULL,201703630,'2020-11-04 16:30:00','G102');
INSERT INTO attendance VALUES (NULL,201703630,'2020-11-10 15:00:00','G101');
INSERT INTO attendance VALUES (NULL,201703630,'2020-11-11 16:30:00','G102');
INSERT INTO attendance VALUES (NULL,201703630,'2020-11-17 15:00:00','G101');
INSERT INTO attendance VALUES (NULL,201703630,'2020-11-18 16:30:00','G102');
INSERT INTO attendance VALUES (NULL,201703630,'2020-11-24 15:00:00','G101');
INSERT INTO attendance VALUES (NULL,201703630,'2020-11-25 16:30:00','G102');
INSERT INTO attendance VALUES (NULL,201703630,'2020-12-01 15:00:00','G101');
INSERT INTO attendance VALUES (NULL,201703630,'2020-12-02 16:30:00','G102');
INSERT INTO attendance VALUES (NULL,201703630,'2020-12-08 15:00:00','G101');
INSERT INTO attendance VALUES (NULL,201703630,'2020-12-09 16:30:00','G102');
INSERT INTO attendance VALUES (NULL,201703630,'2020-12-15 15:00:00','G101');
INSERT INTO attendance VALUES (NULL,201703630,'2020-12-16 16:30:00','G102');
INSERT INTO attendance VALUES (NULL,201703632,'2020-09-29 15:00:00','G101');
INSERT INTO attendance VALUES (NULL,201703632,'2020-09-30 16:30:00','G102');
INSERT INTO attendance VALUES (NULL,201703632,'2020-10-06 15:00:00','G101');
INSERT INTO attendance VALUES (NULL,201703632,'2020-10-07 16:30:00','G102');
INSERT INTO attendance VALUES (NULL,201703632,'2020-10-13 15:00:00','G101');
INSERT INTO attendance VALUES (NULL,201703632,'2020-10-14 16:30:00','G102');
INSERT INTO attendance VALUES (NULL,201703632,'2020-10-20 15:00:00','G101');
INSERT INTO attendance VALUES (NULL,201703632,'2020-10-21 16:30:00','G102');
INSERT INTO attendance VALUES (NULL,201703632,'2020-10-27 15:00:00','G101');
INSERT INTO attendance VALUES (NULL,201703632,'2020-10-28 16:30:00','G102');
INSERT INTO attendance VALUES (NULL,201703632,'2020-11-03 15:00:00','G101');
INSERT INTO attendance VALUES (NULL,201703632,'2020-11-04 16:30:00','G102');
INSERT INTO attendance VALUES (NULL,201703632,'2020-11-10 15:00:00','G101');
INSERT INTO attendance VALUES (NULL,201703632,'2020-11-11 16:30:00','G102');
INSERT INTO attendance VALUES (NULL,201703632,'2020-11-17 15:00:00','G101');
INSERT INTO attendance VALUES (NULL,201703632,'2020-11-18 16:30:00','G102');
INSERT INTO attendance VALUES (NULL,201703632,'2020-11-24 15:00:00','G101');
INSERT INTO attendance VALUES (NULL,201703632,'2020-11-25 16:30:00','G102');
INSERT INTO attendance VALUES (NULL,201703632,'2020-12-01 15:00:00','G101');
INSERT INTO attendance VALUES (NULL,201703632,'2020-12-02 16:30:00','G102');
INSERT INTO attendance VALUES (NULL,201703632,'2020-12-08 15:00:00','G101');
INSERT INTO attendance VALUES (NULL,201703632,'2020-12-09 16:30:00','G102');
INSERT INTO attendance VALUES (NULL,201703632,'2020-12-15 15:00:00','G101');
INSERT INTO attendance VALUES (NULL,201703632,'2020-12-16 16:30:00','G102');
INSERT INTO attendance VALUES (NULL,201703584,'2020-09-30 14:00:00','B101');
INSERT INTO attendance VALUES (NULL,201703584,'2020-10-07 14:00:00','B101');
INSERT INTO attendance VALUES (NULL,201703584,'2020-10-14 14:00:00','B101');
INSERT INTO attendance VALUES (NULL,201703584,'2020-10-21 14:00:00','B101');
INSERT INTO attendance VALUES (NULL,201703584,'2020-10-28 14:00:00','B101');
INSERT INTO attendance VALUES (NULL,201703584,'2020-11-04 14:00:00','B101');
INSERT INTO attendance VALUES (NULL,201703584,'2020-11-11 14:00:00','B101');
INSERT INTO attendance VALUES (NULL,201703584,'2020-11-18 14:00:00','B101');
INSERT INTO attendance VALUES (NULL,201703584,'2020-11-25 14:00:00','B101');
INSERT INTO attendance VALUES (NULL,201703584,'2020-12-02 14:00:00','B101');
INSERT INTO attendance VALUES (NULL,201703584,'2020-12-09 14:00:00','B101');
INSERT INTO attendance VALUES (NULL,201703584,'2020-12-16 14:00:00','B101');
INSERT INTO attendance VALUES (NULL,201703586,'2020-09-30 14:00:00','B101');
INSERT INTO attendance VALUES (NULL,201703586,'2020-10-07 14:00:00','B101');
INSERT INTO attendance VALUES (NULL,201703586,'2020-10-14 14:00:00','B101');
INSERT INTO attendance VALUES (NULL,201703586,'2020-10-21 14:00:00','B101');
INSERT INTO attendance VALUES (NULL,201703586,'2020-10-28 14:00:00','B101');
INSERT INTO attendance VALUES (NULL,201703586,'2020-11-04 14:00:00','B101');
INSERT INTO attendance VALUES (NULL,201703586,'2020-11-11 14:00:00','B101');
INSERT INTO attendance VALUES (NULL,201703586,'2020-11-18 14:00:00','B101');
INSERT INTO attendance VALUES (NULL,201703586,'2020-11-25 14:00:00','B101');
INSERT INTO attendance VALUES (NULL,201703586,'2020-12-02 14:00:00','B101');
INSERT INTO attendance VALUES (NULL,201703586,'2020-12-09 14:00:00','B101');
INSERT INTO attendance VALUES (NULL,201703586,'2020-12-16 14:00:00','B101');
INSERT INTO attendance VALUES (NULL,201703590,'2020-09-30 14:00:00','B101');
INSERT INTO attendance VALUES (NULL,201703590,'2020-10-07 14:00:00','B101');
INSERT INTO attendance VALUES (NULL,201703590,'2020-10-14 14:00:00','B101');
INSERT INTO attendance VALUES (NULL,201703590,'2020-10-21 14:00:00','B101');
INSERT INTO attendance VALUES (NULL,201703590,'2020-10-28 14:00:00','B101');
INSERT INTO attendance VALUES (NULL,201703590,'2020-11-04 14:00:00','B101');
INSERT INTO attendance VALUES (NULL,201703590,'2020-11-11 14:00:00','B101');
INSERT INTO attendance VALUES (NULL,201703590,'2020-11-18 14:00:00','B101');
INSERT INTO attendance VALUES (NULL,201703590,'2020-11-25 14:00:00','B101');
INSERT INTO attendance VALUES (NULL,201703590,'2020-12-02 14:00:00','B101');
INSERT INTO attendance VALUES (NULL,201703590,'2020-12-09 14:00:00','B101');
INSERT INTO attendance VALUES (NULL,201703590,'2020-12-16 14:00:00','B101');
INSERT INTO attendance VALUES (NULL,201703592,'2020-09-30 14:00:00','B101');
INSERT INTO attendance VALUES (NULL,201703592,'2020-10-07 14:00:00','B101');
INSERT INTO attendance VALUES (NULL,201703592,'2020-10-14 14:00:00','B101');
INSERT INTO attendance VALUES (NULL,201703592,'2020-10-21 14:00:00','B101');
INSERT INTO attendance VALUES (NULL,201703592,'2020-10-28 14:00:00','B101');
INSERT INTO attendance VALUES (NULL,201703592,'2020-11-04 14:00:00','B101');
INSERT INTO attendance VALUES (NULL,201703592,'2020-11-11 14:00:00','B101');
INSERT INTO attendance VALUES (NULL,201703592,'2020-11-18 14:00:00','B101');
INSERT INTO attendance VALUES (NULL,201703592,'2020-11-25 14:00:00','B101');
INSERT INTO attendance VALUES (NULL,201703592,'2020-12-02 14:00:00','B101');
INSERT INTO attendance VALUES (NULL,201703592,'2020-12-09 14:00:00','B101');
INSERT INTO attendance VALUES (NULL,201703592,'2020-12-16 14:00:00','B101');
INSERT INTO attendance VALUES (NULL,201703596,'2020-09-30 14:00:00','B101');
INSERT INTO attendance VALUES (NULL,201703596,'2020-10-07 14:00:00','B101');
INSERT INTO attendance VALUES (NULL,201703596,'2020-10-14 14:00:00','B101');
INSERT INTO attendance VALUES (NULL,201703596,'2020-10-21 14:00:00','B101');
INSERT INTO attendance VALUES (NULL,201703596,'2020-10-28 14:00:00','B101');
INSERT INTO attendance VALUES (NULL,201703596,'2020-11-04 14:00:00','B101');
INSERT INTO attendance VALUES (NULL,201703596,'2020-11-11 14:00:00','B101');
INSERT INTO attendance VALUES (NULL,201703596,'2020-11-18 14:00:00','B101');
INSERT INTO attendance VALUES (NULL,201703596,'2020-11-25 14:00:00','B101');
INSERT INTO attendance VALUES (NULL,201703596,'2020-12-02 14:00:00','B101');
INSERT INTO attendance VALUES (NULL,201703596,'2020-12-09 14:00:00','B101');
INSERT INTO attendance VALUES (NULL,201703596,'2020-12-16 14:00:00','B101');
INSERT INTO attendance VALUES (NULL,201703598,'2020-09-30 14:00:00','B101');
INSERT INTO attendance VALUES (NULL,201703598,'2020-10-07 14:00:00','B101');
INSERT INTO attendance VALUES (NULL,201703598,'2020-10-14 14:00:00','B101');
INSERT INTO attendance VALUES (NULL,201703598,'2020-10-21 14:00:00','B101');
INSERT INTO attendance VALUES (NULL,201703598,'2020-10-28 14:00:00','B101');
INSERT INTO attendance VALUES (NULL,201703598,'2020-11-04 14:00:00','B101');
INSERT INTO attendance VALUES (NULL,201703598,'2020-11-11 14:00:00','B101');
INSERT INTO attendance VALUES (NULL,201703598,'2020-11-18 14:00:00','B101');
INSERT INTO attendance VALUES (NULL,201703598,'2020-11-25 14:00:00','B101');
INSERT INTO attendance VALUES (NULL,201703598,'2020-12-02 14:00:00','B101');
INSERT INTO attendance VALUES (NULL,201703598,'2020-12-09 14:00:00','B101');
INSERT INTO attendance VALUES (NULL,201703598,'2020-12-16 14:00:00','B101');
INSERT INTO attendance VALUES (NULL,201703602,'2020-09-30 14:00:00','B101');
INSERT INTO attendance VALUES (NULL,201703602,'2020-10-07 14:00:00','B101');
INSERT INTO attendance VALUES (NULL,201703602,'2020-10-14 14:00:00','B101');
INSERT INTO attendance VALUES (NULL,201703602,'2020-10-21 14:00:00','B101');
INSERT INTO attendance VALUES (NULL,201703602,'2020-10-28 14:00:00','B101');
INSERT INTO attendance VALUES (NULL,201703602,'2020-11-04 14:00:00','B101');
INSERT INTO attendance VALUES (NULL,201703602,'2020-11-11 14:00:00','B101');
INSERT INTO attendance VALUES (NULL,201703602,'2020-11-18 14:00:00','B101');
INSERT INTO attendance VALUES (NULL,201703602,'2020-11-25 14:00:00','B101');
INSERT INTO attendance VALUES (NULL,201703602,'2020-12-02 14:00:00','B101');
INSERT INTO attendance VALUES (NULL,201703602,'2020-12-09 14:00:00','B101');
INSERT INTO attendance VALUES (NULL,201703602,'2020-12-16 14:00:00','B101');
INSERT INTO attendance VALUES (NULL,201703604,'2020-09-30 14:00:00','B101');
INSERT INTO attendance VALUES (NULL,201703604,'2020-10-07 14:00:00','B101');
INSERT INTO attendance VALUES (NULL,201703604,'2020-10-14 14:00:00','B101');
INSERT INTO attendance VALUES (NULL,201703604,'2020-10-21 14:00:00','B101');
INSERT INTO attendance VALUES (NULL,201703604,'2020-10-28 14:00:00','B101');
INSERT INTO attendance VALUES (NULL,201703604,'2020-11-04 14:00:00','B101');
INSERT INTO attendance VALUES (NULL,201703604,'2020-11-11 14:00:00','B101');
INSERT INTO attendance VALUES (NULL,201703604,'2020-11-18 14:00:00','B101');
INSERT INTO attendance VALUES (NULL,201703604,'2020-11-25 14:00:00','B101');
INSERT INTO attendance VALUES (NULL,201703604,'2020-12-02 14:00:00','B101');
INSERT INTO attendance VALUES (NULL,201703604,'2020-12-09 14:00:00','B101');
INSERT INTO attendance VALUES (NULL,201703604,'2020-12-16 14:00:00','B101');
INSERT INTO attendance VALUES (NULL,201703608,'2020-09-30 14:00:00','B101');
INSERT INTO attendance VALUES (NULL,201703608,'2020-10-07 14:00:00','B101');
INSERT INTO attendance VALUES (NULL,201703608,'2020-10-14 14:00:00','B101');
INSERT INTO attendance VALUES (NULL,201703608,'2020-10-21 14:00:00','B101');
INSERT INTO attendance VALUES (NULL,201703608,'2020-10-28 14:00:00','B101');
INSERT INTO attendance VALUES (NULL,201703608,'2020-11-04 14:00:00','B101');
INSERT INTO attendance VALUES (NULL,201703608,'2020-11-11 14:00:00','B101');
INSERT INTO attendance VALUES (NULL,201703608,'2020-11-18 14:00:00','B101');
INSERT INTO attendance VALUES (NULL,201703608,'2020-11-25 14:00:00','B101');
INSERT INTO attendance VALUES (NULL,201703608,'2020-12-02 14:00:00','B101');
INSERT INTO attendance VALUES (NULL,201703608,'2020-12-09 14:00:00','B101');
INSERT INTO attendance VALUES (NULL,201703608,'2020-12-16 14:00:00','B101');
INSERT INTO attendance VALUES (NULL,201703610,'2020-09-30 14:00:00','B101');
INSERT INTO attendance VALUES (NULL,201703610,'2020-10-07 14:00:00','B101');
INSERT INTO attendance VALUES (NULL,201703610,'2020-10-14 14:00:00','B101');
INSERT INTO attendance VALUES (NULL,201703610,'2020-10-21 14:00:00','B101');
INSERT INTO attendance VALUES (NULL,201703610,'2020-10-28 14:00:00','B101');
INSERT INTO attendance VALUES (NULL,201703610,'2020-11-04 14:00:00','B101');
INSERT INTO attendance VALUES (NULL,201703610,'2020-11-11 14:00:00','B101');
INSERT INTO attendance VALUES (NULL,201703610,'2020-11-18 14:00:00','B101');
INSERT INTO attendance VALUES (NULL,201703610,'2020-11-25 14:00:00','B101');
INSERT INTO attendance VALUES (NULL,201703610,'2020-12-02 14:00:00','B101');
INSERT INTO attendance VALUES (NULL,201703610,'2020-12-09 14:00:00','B101');
INSERT INTO attendance VALUES (NULL,201703610,'2020-12-16 14:00:00','B101');
INSERT INTO attendance VALUES (NULL,201703614,'2020-09-30 14:00:00','B101');
INSERT INTO attendance VALUES (NULL,201703614,'2020-10-07 14:00:00','B101');
INSERT INTO attendance VALUES (NULL,201703614,'2020-10-14 14:00:00','B101');
INSERT INTO attendance VALUES (NULL,201703614,'2020-10-21 14:00:00','B101');
INSERT INTO attendance VALUES (NULL,201703614,'2020-10-28 14:00:00','B101');
INSERT INTO attendance VALUES (NULL,201703614,'2020-11-04 14:00:00','B101');
INSERT INTO attendance VALUES (NULL,201703614,'2020-11-11 14:00:00','B101');
INSERT INTO attendance VALUES (NULL,201703614,'2020-11-18 14:00:00','B101');
INSERT INTO attendance VALUES (NULL,201703614,'2020-11-25 14:00:00','B101');
INSERT INTO attendance VALUES (NULL,201703614,'2020-12-02 14:00:00','B101');
INSERT INTO attendance VALUES (NULL,201703614,'2020-12-09 14:00:00','B101');
INSERT INTO attendance VALUES (NULL,201703614,'2020-12-16 14:00:00','B101');
INSERT INTO attendance VALUES (NULL,201703616,'2020-09-30 14:00:00','B101');
INSERT INTO attendance VALUES (NULL,201703616,'2020-10-07 14:00:00','B101');
INSERT INTO attendance VALUES (NULL,201703616,'2020-10-14 14:00:00','B101');
INSERT INTO attendance VALUES (NULL,201703616,'2020-10-21 14:00:00','B101');
INSERT INTO attendance VALUES (NULL,201703616,'2020-10-28 14:00:00','B101');
INSERT INTO attendance VALUES (NULL,201703616,'2020-11-04 14:00:00','B101');
INSERT INTO attendance VALUES (NULL,201703616,'2020-11-11 14:00:00','B101');
INSERT INTO attendance VALUES (NULL,201703616,'2020-11-18 14:00:00','B101');
INSERT INTO attendance VALUES (NULL,201703616,'2020-11-25 14:00:00','B101');
INSERT INTO attendance VALUES (NULL,201703616,'2020-12-02 14:00:00','B101');
INSERT INTO attendance VALUES (NULL,201703616,'2020-12-09 14:00:00','B101');
INSERT INTO attendance VALUES (NULL,201703616,'2020-12-16 14:00:00','B101');
INSERT INTO attendance VALUES (NULL,201703620,'2020-09-30 14:00:00','B101');
INSERT INTO attendance VALUES (NULL,201703620,'2020-10-07 14:00:00','B101');
INSERT INTO attendance VALUES (NULL,201703620,'2020-10-14 14:00:00','B101');
INSERT INTO attendance VALUES (NULL,201703620,'2020-10-21 14:00:00','B101');
INSERT INTO attendance VALUES (NULL,201703620,'2020-10-28 14:00:00','B101');
INSERT INTO attendance VALUES (NULL,201703620,'2020-11-04 14:00:00','B101');
INSERT INTO attendance VALUES (NULL,201703620,'2020-11-11 14:00:00','B101');
INSERT INTO attendance VALUES (NULL,201703620,'2020-11-18 14:00:00','B101');
INSERT INTO attendance VALUES (NULL,201703620,'2020-11-25 14:00:00','B101');
INSERT INTO attendance VALUES (NULL,201703620,'2020-12-02 14:00:00','B101');
INSERT INTO attendance VALUES (NULL,201703620,'2020-12-09 14:00:00','B101');
INSERT INTO attendance VALUES (NULL,201703620,'2020-12-16 14:00:00','B101');
INSERT INTO attendance VALUES (NULL,201703622,'2020-09-30 14:00:00','B101');
INSERT INTO attendance VALUES (NULL,201703622,'2020-10-07 14:00:00','B101');
INSERT INTO attendance VALUES (NULL,201703622,'2020-10-14 14:00:00','B101');
INSERT INTO attendance VALUES (NULL,201703622,'2020-10-21 14:00:00','B101');
INSERT INTO attendance VALUES (NULL,201703622,'2020-10-28 14:00:00','B101');
INSERT INTO attendance VALUES (NULL,201703622,'2020-11-04 14:00:00','B101');
INSERT INTO attendance VALUES (NULL,201703622,'2020-11-11 14:00:00','B101');
INSERT INTO attendance VALUES (NULL,201703622,'2020-11-18 14:00:00','B101');
INSERT INTO attendance VALUES (NULL,201703622,'2020-11-25 14:00:00','B101');
INSERT INTO attendance VALUES (NULL,201703622,'2020-12-02 14:00:00','B101');
INSERT INTO attendance VALUES (NULL,201703622,'2020-12-09 14:00:00','B101');
INSERT INTO attendance VALUES (NULL,201703622,'2020-12-16 14:00:00','B101');
INSERT INTO attendance VALUES (NULL,201703626,'2020-09-30 14:00:00','B101');
INSERT INTO attendance VALUES (NULL,201703626,'2020-10-07 14:00:00','B101');
INSERT INTO attendance VALUES (NULL,201703626,'2020-10-14 14:00:00','B101');
INSERT INTO attendance VALUES (NULL,201703626,'2020-10-21 14:00:00','B101');
INSERT INTO attendance VALUES (NULL,201703626,'2020-10-28 14:00:00','B101');
INSERT INTO attendance VALUES (NULL,201703626,'2020-11-04 14:00:00','B101');
INSERT INTO attendance VALUES (NULL,201703626,'2020-11-11 14:00:00','B101');
INSERT INTO attendance VALUES (NULL,201703626,'2020-11-18 14:00:00','B101');
INSERT INTO attendance VALUES (NULL,201703626,'2020-11-25 14:00:00','B101');
INSERT INTO attendance VALUES (NULL,201703626,'2020-12-02 14:00:00','B101');
INSERT INTO attendance VALUES (NULL,201703626,'2020-12-09 14:00:00','B101');
INSERT INTO attendance VALUES (NULL,201703626,'2020-12-16 14:00:00','B101');
INSERT INTO attendance VALUES (NULL,201703628,'2020-09-30 14:00:00','B101');
INSERT INTO attendance VALUES (NULL,201703628,'2020-10-07 14:00:00','B101');
INSERT INTO attendance VALUES (NULL,201703628,'2020-10-14 14:00:00','B101');
INSERT INTO attendance VALUES (NULL,201703628,'2020-10-21 14:00:00','B101');
INSERT INTO attendance VALUES (NULL,201703628,'2020-10-28 14:00:00','B101');
INSERT INTO attendance VALUES (NULL,201703628,'2020-11-04 14:00:00','B101');
INSERT INTO attendance VALUES (NULL,201703628,'2020-11-11 14:00:00','B101');
INSERT INTO attendance VALUES (NULL,201703628,'2020-11-18 14:00:00','B101');
INSERT INTO attendance VALUES (NULL,201703628,'2020-11-25 14:00:00','B101');
INSERT INTO attendance VALUES (NULL,201703628,'2020-12-02 14:00:00','B101');
INSERT INTO attendance VALUES (NULL,201703628,'2020-12-09 14:00:00','B101');
INSERT INTO attendance VALUES (NULL,201703628,'2020-12-16 14:00:00','B101');
INSERT INTO attendance VALUES (NULL,201703632,'2020-09-30 14:00:00','B101');
INSERT INTO attendance VALUES (NULL,201703632,'2020-10-07 14:00:00','B101');
INSERT INTO attendance VALUES (NULL,201703632,'2020-10-14 14:00:00','B101');
INSERT INTO attendance VALUES (NULL,201703632,'2020-10-21 14:00:00','B101');
INSERT INTO attendance VALUES (NULL,201703632,'2020-10-28 14:00:00','B101');
INSERT INTO attendance VALUES (NULL,201703632,'2020-11-04 14:00:00','B101');
INSERT INTO attendance VALUES (NULL,201703632,'2020-11-11 14:00:00','B101');
INSERT INTO attendance VALUES (NULL,201703632,'2020-11-18 14:00:00','B101');
INSERT INTO attendance VALUES (NULL,201703632,'2020-11-25 14:00:00','B101');
INSERT INTO attendance VALUES (NULL,201703632,'2020-12-02 14:00:00','B101');
INSERT INTO attendance VALUES (NULL,201703632,'2020-12-09 14:00:00','B101');
INSERT INTO attendance VALUES (NULL,201703632,'2020-12-16 14:00:00','B101');


--covid:
INSERT INTO covid VALUES (NULL,201700001, 'positive', '2020-10-09');
INSERT INTO covid VALUES (NULL,201700006, 'positive', '2020-10-20');
INSERT INTO covid VALUES (NULL,201902438, 'negative', '2020-10-20');

-- testing queries for interrogating the database later

--select student with email (no need to store email as
--a variable for students):
-- SELECT *, 'up' || id || '@' || faculty || '.up.pt' AS email
-- FROM student
-- join person using (id);



 